match_id,utc_date,season,matchday,home_team,away_team,home_goals,away_goals,result,referee,home_form_pts_last5,home_goals_scored_last5,home_goals_conceded_last5,home_matches_played_last5,away_form_pts_last5,away_goals_scored_last5,away_goals_conceded_last5,away_matches_played_last5,home_team_home_win_pct,home_team_home_matches_played,away_team_away_win_pct,away_team_away_matches_played,h2h_home_wins,h2h_draws,h2h_away_wins,h2h_meetings
435943,2023-08-11 19:00:00+00:00,2023-24,1,Burnley,Man City,0,3,A,Craig Pawson,,,,0,,,,0,,0,,0,0,0,0,0
435944,2023-08-12 12:00:00+00:00,2023-24,1,Arsenal,Nottingham,2,1,H,Michael Oliver,,,,0,,,,0,,0,,0,0,0,0,0
435945,2023-08-12 14:00:00+00:00,2023-24,1,Bournemouth,West Ham,1,1,D,Peter Bankes,,,,0,,,,0,,0,,0,0,0,0,0
435946,2023-08-12 14:00:00+00:00,2023-24,1,Brighton Hove,Luton Town,4,1,H,David Coote,,,,0,,,,0,,0,,0,0,0,0,0
435947,2023-08-12 14:00:00+00:00,2023-24,1,Everton,Fulham,0,1,A,Stuart Attwell,,,,0,,,,0,,0,,0,0,0,0,0
435948,2023-08-12 14:00:00+00:00,2023-24,1,Sheffield Utd,Crystal Palace,0,1,A,John Brooks,,,,0,,,,0,,0,,0,0,0,0,0
435949,2023-08-12 16:30:00+00:00,2023-24,1,Newcastle,Aston Villa,5,1,H,Andy Madley,,,,0,,,,0,,0,,0,0,0,0,0
435950,2023-08-13 13:00:00+00:00,2023-24,1,Brentford,Tottenham,2,2,D,Robert Jones,,,,0,,,,0,,0,,0,0,0,0,0
435951,2023-08-13 15:30:00+00:00,2023-24,1,Chelsea,Liverpool,1,1,D,Anthony Taylor,,,,0,,,,0,,0,,0,0,0,0,0
435952,2023-08-14 19:00:00+00:00,2023-24,1,Man United,Wolverhampton,1,0,H,Simon Hooper,,,,0,,,,0,,0,,0,0,0,0,0
435959,2023-08-18 18:45:00+00:00,2023-24,2,Nottingham,Sheffield Utd,2,1,H,Peter Bankes,0.0,1.0,2.0,1,0.0,0.0,1.0,1,,0,,0,0,0,0,0
435955,2023-08-19 14:00:00+00:00,2023-24,2,Fulham,Brentford,0,3,A,Darren Bond,3.0,1.0,0.0,1,1.0,2.0,2.0,1,,0,,0,0,0,0,0
435956,2023-08-19 14:00:00+00:00,2023-24,2,Liverpool,Bournemouth,3,1,H,Thomas Bramall,1.0,1.0,1.0,1,1.0,1.0,1.0,1,,0,,0,0,0,0,0
435962,2023-08-19 14:00:00+00:00,2023-24,2,Wolverhampton,Brighton Hove,1,4,A,Andy Madley,0.0,0.0,1.0,1,3.0,4.0,1.0,1,,0,,0,0,0,0,0
435960,2023-08-19 16:30:00+00:00,2023-24,2,Tottenham,Man United,2,0,H,Michael Oliver,1.0,2.0,2.0,1,3.0,1.0,0.0,1,,0,,0,0,0,0,0
435958,2023-08-19 19:00:00+00:00,2023-24,2,Man City,Newcastle,1,0,H,Robert Jones,3.0,3.0,0.0,1,3.0,5.0,1.0,1,,0,,0,0,0,0,0
435953,2023-08-20 13:00:00+00:00,2023-24,2,Aston Villa,Everton,4,0,H,Anthony Taylor,0.0,1.0,5.0,1,0.0,0.0,1.0,1,,0,,0,0,0,0,0
435961,2023-08-20 15:30:00+00:00,2023-24,2,West Ham,Chelsea,3,1,H,John Brooks,1.0,1.0,1.0,1,1.0,1.0,1.0,1,,0,,0,0,0,0,0
435954,2023-08-21 19:00:00+00:00,2023-24,2,Crystal Palace,Arsenal,0,1,A,David Coote,3.0,1.0,0.0,1,3.0,2.0,1.0,1,,0,,0,0,0,0,0
435968,2023-08-25 19:00:00+00:00,2023-24,3,Chelsea,Luton Town,3,0,H,Robert Jones,1.0,2.0,4.0,2,0.0,1.0,4.0,1,0.0,1,0.0,1,0,0,0,0
435963,2023-08-26 11:30:00+00:00,2023-24,3,Bournemouth,Tottenham,0,2,A,Tim Robinson,1.0,2.0,4.0,2,4.0,4.0,2.0,2,0.0,1,0.0,1,0,0,0,0
435969,2023-08-26 14:00:00+00:00,2023-24,3,Everton,Wolverhampton,0,1,A,Craig Pawson,0.0,0.0,5.0,2,0.0,1.0,5.0,2,0.0,1,0.0,1,0,0,0,0
435970,2023-08-26 14:00:00+00:00,2023-24,3,Man United,Nottingham,3,2,H,Stuart Attwell,3.0,1.0,2.0,2,3.0,3.0,3.0,2,1.0,1,0.0,1,0,0,0,0
435964,2023-08-26 14:00:00+00:00,2023-24,3,Arsenal,Fulham,2,2,D,Paul Tierney,6.0,3.0,1.0,2,3.0,1.0,3.0,2,1.0,1,1.0,1,0,0,0,0
435965,2023-08-26 14:00:00+00:00,2023-24,3,Brentford,Crystal Palace,1,1,D,Peter Bankes,4.0,5.0,2.0,2,3.0,1.0,1.0,2,0.0,1,1.0,1,0,0,0,0
435966,2023-08-26 16:30:00+00:00,2023-24,3,Brighton Hove,West Ham,1,3,A,Anthony Taylor,6.0,8.0,2.0,2,4.0,4.0,2.0,2,1.0,1,0.0,1,0,0,0,0
435972,2023-08-27 13:00:00+00:00,2023-24,3,Sheffield Utd,Man City,1,2,A,Jarred Gillett,0.0,1.0,3.0,2,6.0,4.0,0.0,2,0.0,1,1.0,1,0,0,0,0
435967,2023-08-27 13:00:00+00:00,2023-24,3,Burnley,Aston Villa,1,3,A,Michael Salisbury,0.0,0.0,3.0,1,3.0,5.0,5.0,2,0.0,1,0.0,1,0,0,0,0
435971,2023-08-27 15:30:00+00:00,2023-24,3,Newcastle,Liverpool,1,2,A,John Brooks,3.0,5.0,2.0,2,4.0,4.0,2.0,2,1.0,1,0.0,1,0,0,0,0
435980,2023-09-01 19:00:00+00:00,2023-24,4,Luton Town,West Ham,1,2,A,Paul Tierney,0.0,1.0,7.0,2,7.0,7.0,3.0,3,,0,0.5,2,0,0,0,0
435982,2023-09-02 11:30:00+00:00,2023-24,4,Sheffield Utd,Everton,2,2,D,Andy Madley,0.0,2.0,5.0,3,0.0,0.0,6.0,3,0.0,2,0.0,1,0,0,0,0
435974,2023-09-02 14:00:00+00:00,2023-24,4,Brentford,Bournemouth,2,2,D,Bobby Madley,5.0,6.0,3.0,3,1.0,2.0,6.0,3,0.0,2,0.0,1,0,0,0,0
435976,2023-09-02 14:00:00+00:00,2023-24,4,Burnley,Tottenham,2,5,A,Darren England,0.0,1.0,6.0,2,7.0,6.0,2.0,3,0.0,2,0.5,2,0,0,0,0
435977,2023-09-02 14:00:00+00:00,2023-24,4,Chelsea,Nottingham,0,1,A,Tim Robinson,4.0,5.0,4.0,3,3.0,5.0,6.0,3,0.5,2,0.0,2,0,0,0,0
435981,2023-09-02 14:00:00+00:00,2023-24,4,Man City,Fulham,5,1,H,Michael Oliver,9.0,6.0,1.0,3,4.0,3.0,5.0,3,1.0,1,0.5,2,0,0,0,0
435975,2023-09-02 16:30:00+00:00,2023-24,4,Brighton Hove,Newcastle,3,1,H,Stuart Attwell,6.0,9.0,5.0,3,3.0,6.0,4.0,3,0.5,2,0.0,1,0,0,0,0
435978,2023-09-03 13:00:00+00:00,2023-24,4,Crystal Palace,Wolverhampton,3,2,H,Robert Jones,4.0,2.0,2.0,3,3.0,2.0,5.0,3,0.0,1,0.5,2,0,0,0,0
435979,2023-09-03 13:00:00+00:00,2023-24,4,Liverpool,Aston Villa,3,0,H,Simon Hooper,7.0,6.0,3.0,3,6.0,8.0,6.0,3,1.0,1,0.5,2,0,0,0,0
435973,2023-09-03 15:30:00+00:00,2023-24,4,Arsenal,Man United,3,1,H,Anthony Taylor,7.0,5.0,3.0,3,6.0,4.0,4.0,3,0.5,2,0.0,1,0,0,0,0
435992,2023-09-16 11:30:00+00:00,2023-24,5,Wolverhampton,Liverpool,1,3,A,Michael Oliver,3.0,4.0,8.0,4,10.0,9.0,3.0,4,0.0,1,0.5,2,0,0,0,0
435984,2023-09-16 14:00:00+00:00,2023-24,5,Aston Villa,Crystal Palace,3,1,H,Darren England,6.0,8.0,9.0,4,7.0,5.0,4.0,4,1.0,1,0.5,2,0,0,0,0
435986,2023-09-16 14:00:00+00:00,2023-24,5,Fulham,Luton Town,1,0,H,Michael Salisbury,4.0,4.0,10.0,4,0.0,2.0,9.0,3,0.0,1,0.0,2,0,0,0,0
435987,2023-09-16 14:00:00+00:00,2023-24,5,Man United,Brighton Hove,1,3,A,Jarred Gillett,6.0,5.0,7.0,4,9.0,12.0,6.0,4,1.0,2,1.0,1,0,0,0,0
435990,2023-09-16 14:00:00+00:00,2023-24,5,Tottenham,Sheffield Utd,2,1,H,Peter Bankes,10.0,11.0,4.0,4,1.0,4.0,7.0,4,1.0,1,0.0,1,0,0,0,0
435991,2023-09-16 14:00:00+00:00,2023-24,5,West Ham,Man City,1,3,A,Andy Madley,10.0,9.0,4.0,4,12.0,11.0,2.0,4,1.0,1,1.0,2,0,0,0,0
435988,2023-09-16 16:30:00+00:00,2023-24,5,Newcastle,Brentford,1,0,H,Craig Pawson,3.0,7.0,7.0,4,6.0,8.0,5.0,4,0.5,2,1.0,1,0,0,0,0
435983,2023-09-17 13:00:00+00:00,2023-24,5,Bournemouth,Chelsea,0,0,D,David Coote,2.0,4.0,8.0,4,4.0,5.0,5.0,4,0.0,2,0.0,1,0,0,0,0
435985,2023-09-17 15:30:00+00:00,2023-24,5,Everton,Arsenal,0,1,A,Simon Hooper,1.0,2.0,8.0,4,10.0,8.0,4.0,4,0.0,2,1.0,1,0,0,0,0
435989,2023-09-18 18:45:00+00:00,2023-24,5,Nottingham,Burnley,1,1,D,Robert Jones,6.0,6.0,6.0,4,0.0,3.0,11.0,3,1.0,1,,0,0,0,0,0
435998,2023-09-23 14:00:00+00:00,2023-24,6,Crystal Palace,Fulham,0,0,D,Paul Tierney,7.0,6.0,7.0,5,7.0,5.0,10.0,5,0.5,2,0.3333333333333333,3,0,0,0,0
436000,2023-09-23 14:00:00+00:00,2023-24,6,Luton Town,Wolverhampton,1,1,D,Josh Smith,0.0,2.0,10.0,4,3.0,5.0,11.0,5,0.0,1,0.3333333333333333,3,0,0,0,0
436001,2023-09-23 14:00:00+00:00,2023-24,6,Man City,Nottingham,2,0,H,Anthony Taylor,15.0,14.0,3.0,5,7.0,7.0,7.0,5,1.0,2,0.3333333333333333,3,0,0,0,0
435994,2023-09-23 16:30:00+00:00,2023-24,6,Brentford,Everton,1,3,A,Michael Oliver,6.0,8.0,6.0,5,1.0,2.0,9.0,5,0.0,3,0.0,2,0,0,0,0
435996,2023-09-23 19:00:00+00:00,2023-24,6,Burnley,Man United,0,1,A,Tony Harrington,1.0,4.0,12.0,4,6.0,6.0,10.0,5,0.0,3,0.0,2,0,0,0,0
435993,2023-09-24 13:00:00+00:00,2023-24,6,Arsenal,Tottenham,2,2,D,Robert Jones,13.0,9.0,4.0,5,13.0,13.0,5.0,5,0.6666666666666666,3,0.6666666666666666,3,0,0,0,0
435995,2023-09-24 13:00:00+00:00,2023-24,6,Brighton Hove,Bournemouth,3,1,H,John Brooks,12.0,15.0,7.0,5,3.0,4.0,8.0,5,0.6666666666666666,3,0.0,2,0,0,0,0
435997,2023-09-24 13:00:00+00:00,2023-24,6,Chelsea,Aston Villa,0,1,A,Jarred Gillett,5.0,5.0,5.0,5,9.0,11.0,10.0,5,0.3333333333333333,3,0.3333333333333333,3,0,0,0,0
435999,2023-09-24 13:00:00+00:00,2023-24,6,Liverpool,West Ham,3,1,H,Chris Kavanagh,13.0,12.0,4.0,5,10.0,10.0,7.0,5,1.0,2,0.6666666666666666,3,0,0,0,0
436002,2023-09-24 15:30:00+00:00,2023-24,6,Sheffield Utd,Newcastle,0,8,A,Stuart Attwell,1.0,5.0,9.0,5,6.0,8.0,7.0,5,0.0,3,0.0,2,0,0,0,0
436004,2023-09-30 11:30:00+00:00,2023-24,7,Aston Villa,Brighton Hove,6,1,H,Andy Madley,12.0,11.0,5.0,5,12.0,14.0,7.0,5,1.0,2,1.0,2,0,0,0,0
436003,2023-09-30 14:00:00+00:00,2023-24,7,Bournemouth,Arsenal,0,4,A,Michael Salisbury,2.0,4.0,10.0,5,11.0,9.0,5.0,5,0.0,3,1.0,2,0,0,0,0
436005,2023-09-30 14:00:00+00:00,2023-24,7,Everton,Luton Town,1,2,A,Anthony Taylor,4.0,5.0,9.0,5,1.0,3.0,11.0,5,0.0,3,0.0,3,0,0,0,0
436007,2023-09-30 14:00:00+00:00,2023-24,7,Man United,Crystal Palace,0,1,A,Chris Kavanagh,6.0,6.0,10.0,5,5.0,5.0,7.0,5,0.6666666666666666,3,0.3333333333333333,3,0,0,0,0
436008,2023-09-30 14:00:00+00:00,2023-24,7,Newcastle,Burnley,2,0,H,Thomas Bramall,6.0,11.0,6.0,5,1.0,4.0,13.0,5,0.6666666666666666,3,0.0,1,0,0,0,0
436011,2023-09-30 14:00:00+00:00,2023-24,7,West Ham,Sheffield Utd,2,0,H,Graham Scott,9.0,10.0,9.0,5,1.0,5.0,16.0,5,0.5,2,0.0,2,0,0,0,0
436012,2023-09-30 14:00:00+00:00,2023-24,7,Wolverhampton,Man City,2,1,H,Craig Pawson,4.0,6.0,11.0,5,15.0,13.0,3.0,5,0.0,2,1.0,3,0,0,0,0
436010,2023-09-30 16:30:00+00:00,2023-24,7,Tottenham,Liverpool,2,1,H,Simon Hooper,13.0,13.0,5.0,5,15.0,14.0,4.0,5,1.0,2,0.6666666666666666,3,0,0,0,0
436009,2023-10-01 13:00:00+00:00,2023-24,7,Nottingham,Brentford,1,1,D,Paul Tierney,7.0,6.0,7.0,5,5.0,7.0,7.0,5,0.5,2,0.5,2,0,0,0,0
436006,2023-10-02 19:00:00+00:00,2023-24,7,Fulham,Chelsea,0,2,A,Tim Robinson,5.0,4.0,10.0,5,4.0,4.0,5.0,5,0.5,2,0.0,2,0,0,0,0
435957,2023-10-03 18:30:00+00:00,2023-24,2,Luton Town,Burnley,1,2,A,Peter Bankes,4.0,4.0,8.0,5,1.0,4.0,12.0,5,0.0,2,0.0,2,0,0,0,0
436019,2023-10-07 11:30:00+00:00,2023-24,8,Luton Town,Tottenham,0,1,A,John Brooks,4.0,5.0,7.0,5,13.0,13.0,6.0,5,0.0,3,0.5,4,0,0,0,0
436017,2023-10-07 14:00:00+00:00,2023-24,8,Everton,Bournemouth,3,0,H,David Coote,4.0,6.0,7.0,5,2.0,3.0,11.0,5,0.0,4,0.0,3,0,0,0,0
436015,2023-10-07 14:00:00+00:00,2023-24,8,Burnley,Chelsea,1,4,A,Stuart Attwell,4.0,5.0,10.0,5,7.0,5.0,2.0,5,0.0,4,0.3333333333333333,3,0,0,0,0
436020,2023-10-07 14:00:00+00:00,2023-24,8,Man United,Brentford,2,1,H,Bobby Madley,6.0,6.0,9.0,5,3.0,5.0,8.0,5,0.5,4,0.3333333333333333,3,0,0,0,0
436018,2023-10-07 14:00:00+00:00,2023-24,8,Fulham,Sheffield Utd,3,1,H,Sam Barrott,5.0,4.0,9.0,5,1.0,4.0,16.0,5,0.3333333333333333,3,0.0,3,0,0,0,0
436016,2023-10-07 16:30:00+00:00,2023-24,8,Crystal Palace,Nottingham,0,0,D,Craig Pawson,8.0,6.0,6.0,5,5.0,5.0,7.0,5,0.3333333333333333,3,0.25,4,0,0,0,0
436014,2023-10-08 13:00:00+00:00,2023-24,8,Brighton Hove,Liverpool,2,2,D,Anthony Taylor,9.0,11.0,12.0,5,12.0,12.0,5.0,5,0.75,4,0.5,4,0,0,0,0
436021,2023-10-08 13:00:00+00:00,2023-24,8,West Ham,Newcastle,2,2,D,Peter Bankes,9.0,9.0,8.0,5,9.0,13.0,5.0,5,0.6666666666666666,3,0.3333333333333333,3,0,0,0,0
436022,2023-10-08 13:00:00+00:00,2023-24,8,Wolverhampton,Aston Villa,1,1,D,Robert Jones,7.0,7.0,8.0,5,12.0,13.0,6.0,5,0.3333333333333333,3,0.5,4,0,0,0,0
436013,2023-10-08 15:30:00+00:00,2023-24,8,Arsenal,Man City,1,0,H,Michael Oliver,11.0,12.0,5.0,5,12.0,13.0,5.0,5,0.5,4,0.75,4,0,0,0,0
436027,2023-10-21 11:30:00+00:00,2023-24,9,Liverpool,Everton,2,0,H,Craig Pawson,10.0,12.0,6.0,5,7.0,9.0,6.0,5,1.0,3,0.3333333333333333,3,0,0,0,0
436023,2023-10-21 14:00:00+00:00,2023-24,9,Bournemouth,Wolverhampton,1,2,A,Paul Tierney,2.0,3.0,12.0,5,5.0,7.0,9.0,5,0.0,4,0.25,4,0,0,0,0
436025,2023-10-21 14:00:00+00:00,2023-24,9,Brentford,Burnley,3,0,H,Josh Smith,2.0,5.0,9.0,5,4.0,4.0,9.0,5,0.0,4,0.3333333333333333,3,0,0,0,0
436028,2023-10-21 14:00:00+00:00,2023-24,9,Man City,Brighton Hove,2,1,H,Robert Jones,9.0,11.0,5.0,5,10.0,12.0,11.0,5,1.0,3,0.6666666666666666,3,0,0,0,0
436029,2023-10-21 14:00:00+00:00,2023-24,9,Newcastle,Crystal Palace,4,0,H,Tim Robinson,10.0,14.0,5.0,5,8.0,5.0,5.0,5,0.75,4,0.5,4,0,0,0,0
436030,2023-10-21 14:00:00+00:00,2023-24,9,Nottingham,Luton Town,2,2,D,Sam Barrott,6.0,3.0,4.0,5,4.0,4.0,6.0,5,0.3333333333333333,3,0.25,4,0,0,0,0
436026,2023-10-21 16:30:00+00:00,2023-24,9,Chelsea,Arsenal,2,2,D,Chris Kavanagh,7.0,6.0,3.0,5,13.0,11.0,3.0,5,0.25,4,1.0,3,0,0,0,0
436031,2023-10-21 19:00:00+00:00,2023-24,9,Sheffield Utd,Man United,1,2,A,Michael Oliver,1.0,4.0,17.0,5,6.0,5.0,8.0,5,0.0,4,0.3333333333333333,3,0,0,0,0
436024,2023-10-22 15:30:00+00:00,2023-24,9,Aston Villa,West Ham,4,1,H,David Coote,10.0,11.0,6.0,5,7.0,8.0,9.0,5,1.0,3,0.5,4,0,0,0,0
436032,2023-10-23 19:00:00+00:00,2023-24,9,Tottenham,Fulham,2,0,H,Anthony Taylor,13.0,12.0,6.0,5,7.0,5.0,8.0,5,1.0,3,0.25,4,0,0,0,0
436038,2023-10-27 19:00:00+00:00,2023-24,10,Crystal Palace,Tottenham,1,2,A,Andy Madley,5.0,2.0,7.0,5,13.0,9.0,4.0,5,0.25,4,0.6,5,0,0,0,0
436037,2023-10-28 11:30:00+00:00,2023-24,10,Chelsea,Brentford,0,2,A,Simon Hooper,8.0,8.0,4.0,5,4.0,6.0,7.0,5,0.2,5,0.25,4,0,0,0,0
436033,2023-10-28 14:00:00+00:00,2023-24,10,Bournemouth,Burnley,2,1,H,Sam Barrott,1.0,2.0,12.0,5,3.0,3.0,11.0,5,0.0,5,0.25,4,0,0,0,0
436034,2023-10-28 14:00:00+00:00,2023-24,10,Arsenal,Sheffield Utd,5,0,H,Tim Robinson,11.0,10.0,4.0,5,0.0,3.0,17.0,5,0.6,5,0.0,4,0,0,0,0
436042,2023-10-28 16:30:00+00:00,2023-24,10,Wolverhampton,Newcastle,2,2,D,Anthony Taylor,8.0,7.0,7.0,5,13.0,17.0,2.0,5,0.25,4,0.25,4,0,0,0,0
436041,2023-10-29 13:00:00+00:00,2023-24,10,West Ham,Everton,0,1,A,Stuart Attwell,4.0,7.0,12.0,5,6.0,7.0,6.0,5,0.5,4,0.25,4,0,0,0,0
436035,2023-10-29 14:00:00+00:00,2023-24,10,Aston Villa,Luton Town,3,1,H,John Brooks,13.0,15.0,4.0,5,5.0,6.0,7.0,5,1.0,4,0.2,5,0,0,0,0
436036,2023-10-29 14:00:00+00:00,2023-24,10,Brighton Hove,Fulham,1,1,D,Michael Salisbury,7.0,10.0,12.0,5,7.0,4.0,5.0,5,0.6,5,0.2,5,0,0,0,0
436039,2023-10-29 14:00:00+00:00,2023-24,10,Liverpool,Nottingham,3,0,H,Chris Kavanagh,10.0,11.0,6.0,5,4.0,4.0,6.0,5,1.0,4,0.2,5,0,0,0,0
436040,2023-10-29 15:30:00+00:00,2023-24,10,Man United,Man City,0,3,A,Paul Tierney,9.0,6.0,6.0,5,9.0,8.0,5.0,5,0.6,5,0.6,5,0,0,0,0
436046,2023-11-04 12:30:00+00:00,2023-24,11,Fulham,Man United,0,1,A,John Brooks,5.0,4.0,6.0,5,9.0,5.0,6.0,5,0.5,4,0.5,4,0,0,0,0
436043,2023-11-04 15:00:00+00:00,2023-24,11,Brentford,West Ham,3,2,H,Thomas Bramall,7.0,8.0,6.0,5,4.0,6.0,10.0,5,0.2,5,0.4,5,0,0,0,0
436044,2023-11-04 15:00:00+00:00,2023-24,11,Burnley,Crystal Palace,0,2,A,Peter Bankes,3.0,4.0,12.0,5,5.0,2.0,6.0,5,0.0,5,0.4,5,0,0,0,0
436045,2023-11-04 15:00:00+00:00,2023-24,11,Everton,Brighton Hove,1,1,D,Tim Robinson,9.0,8.0,5.0,5,5.0,8.0,12.0,5,0.2,5,0.5,4,0,0,0,0
436048,2023-11-04 15:00:00+00:00,2023-24,11,Man City,Bournemouth,6,1,H,Craig Pawson,9.0,8.0,4.0,5,3.0,4.0,13.0,5,1.0,4,0.0,4,0,0,0,0
436051,2023-11-04 15:00:00+00:00,2023-24,11,Sheffield Utd,Wolverhampton,2,1,H,Robert Jones,0.0,2.0,20.0,5,9.0,8.0,6.0,5,0.0,5,0.4,5,0,0,0,0
436049,2023-11-04 17:30:00+00:00,2023-24,11,Newcastle,Arsenal,1,0,H,Stuart Attwell,11.0,18.0,4.0,5,11.0,14.0,4.0,5,0.8,5,0.75,4,0,0,0,0
436050,2023-11-05 14:00:00+00:00,2023-24,11,Nottingham,Aston Villa,2,0,H,Jarred Gillett,3.0,3.0,8.0,5,13.0,15.0,4.0,5,0.25,4,0.4,5,0,0,0,0
436047,2023-11-05 16:30:00+00:00,2023-24,11,Luton Town,Liverpool,1,1,D,Andy Madley,4.0,6.0,9.0,5,10.0,11.0,5.0,5,0.0,4,0.4,5,0,0,0,0
436052,2023-11-06 20:00:00+00:00,2023-24,11,Tottenham,Chelsea,1,4,A,Michael Oliver,13.0,9.0,4.0,5,7.0,8.0,6.0,5,1.0,4,0.5,4,0,0,0,0
436062,2023-11-11 12:30:00+00:00,2023-24,12,Wolverhampton,Tottenham,2,1,H,Tim Robinson,8.0,8.0,7.0,5,12.0,8.0,6.0,5,0.2,5,0.6666666666666666,6,0,0,0,0
436054,2023-11-11 15:00:00+00:00,2023-24,12,Arsenal,Burnley,3,1,H,Michael Oliver,10.0,12.0,3.0,5,3.0,4.0,12.0,5,0.6666666666666666,6,0.2,5,0,0,0,0
436058,2023-11-11 15:00:00+00:00,2023-24,12,Crystal Palace,Everton,2,3,A,Sam Barrott,7.0,4.0,6.0,5,7.0,6.0,5.0,5,0.2,5,0.4,5,0,0,0,0
436060,2023-11-11 15:00:00+00:00,2023-24,12,Man United,Luton Town,1,0,H,Graham Scott,9.0,5.0,6.0,5,2.0,5.0,9.0,5,0.5,6,0.16666666666666666,6,0,0,0,0
436053,2023-11-11 17:30:00+00:00,2023-24,12,Bournemouth,Newcastle,2,0,H,Chris Kavanagh,3.0,4.0,16.0,5,11.0,11.0,4.0,5,0.16666666666666666,6,0.2,5,0,0,0,0
436055,2023-11-12 14:00:00+00:00,2023-24,12,Aston Villa,Fulham,3,1,H,Simon Hooper,10.0,14.0,6.0,5,4.0,4.0,7.0,5,1.0,5,0.16666666666666666,6,0,0,0,0
436056,2023-11-12 14:00:00+00:00,2023-24,12,Brighton Hove,Sheffield Utd,1,1,D,John Brooks,3.0,6.0,12.0,5,3.0,4.0,13.0,5,0.5,6,0.0,5,0,0,0,0
436059,2023-11-12 14:00:00+00:00,2023-24,12,Liverpool,Brentford,3,0,H,Paul Tierney,8.0,9.0,5.0,5,10.0,10.0,5.0,5,1.0,5,0.4,5,0,0,0,0
436061,2023-11-12 14:00:00+00:00,2023-24,12,West Ham,Nottingham,3,2,H,Michael Salisbury,4.0,7.0,10.0,5,6.0,5.0,6.0,5,0.4,5,0.16666666666666666,6,0,0,0,0
436057,2023-11-12 16:30:00+00:00,2023-24,12,Chelsea,Man City,4,4,D,Anthony Taylor,10.0,12.0,6.0,5,9.0,12.0,5.0,5,0.16666666666666666,6,0.6666666666666666,6,0,0,0,0
436068,2023-11-25 12:30:00+00:00,2023-24,13,Man City,Liverpool,1,1,D,Chris Kavanagh,10.0,15.0,7.0,5,11.0,11.0,3.0,5,1.0,5,0.3333333333333333,6,0,0,0,0
436064,2023-11-25 15:00:00+00:00,2023-24,13,Burnley,West Ham,1,2,A,Sam Barrott,0.0,3.0,14.0,5,4.0,8.0,12.0,5,0.0,6,0.3333333333333333,6,0,0,0,0
436071,2023-11-25 15:00:00+00:00,2023-24,13,Sheffield Utd,Bournemouth,1,3,A,Bobby Madley,4.0,5.0,12.0,5,6.0,6.0,12.0,5,0.16666666666666666,6,0.0,5,0,0,0,0
436067,2023-11-25 15:00:00+00:00,2023-24,13,Luton Town,Crystal Palace,2,1,H,Jarred Gillett,2.0,4.0,8.0,5,4.0,5.0,9.0,5,0.0,5,0.5,6,0,0,0,0
436070,2023-11-25 15:00:00+00:00,2023-24,13,Nottingham,Brighton Hove,2,3,A,Anthony Taylor,5.0,6.0,8.0,5,4.0,6.0,7.0,5,0.4,5,0.4,5,0,0,0,0
436069,2023-11-25 15:00:00+00:00,2023-24,13,Newcastle,Chelsea,4,1,H,Simon Hooper,8.0,9.0,6.0,5,8.0,14.0,10.0,5,0.8333333333333334,6,0.6,5,0,0,0,0
436063,2023-11-25 17:30:00+00:00,2023-24,13,Brentford,Arsenal,0,1,A,Tim Robinson,9.0,9.0,7.0,5,10.0,11.0,4.0,5,0.3333333333333333,6,0.6,5,0,0,0,0
436072,2023-11-26 14:00:00+00:00,2023-24,13,Tottenham,Aston Villa,1,2,A,Robert Jones,9.0,7.0,7.0,5,10.0,11.0,6.0,5,0.8,5,0.3333333333333333,6,0,0,0,0
436065,2023-11-26 16:30:00+00:00,2023-24,13,Everton,Man United,0,3,A,John Brooks,10.0,8.0,5.0,5,12.0,6.0,5.0,5,0.16666666666666666,6,0.6,5,0,0,0,0
436066,2023-11-27 20:00:00+00:00,2023-24,13,Fulham,Wolverhampton,3,2,H,Michael Salisbury,4.0,5.0,8.0,5,8.0,8.0,7.0,5,0.4,5,0.3333333333333333,6,0,0,0,0
436076,2023-12-02 15:00:00+00:00,2023-24,14,Burnley,Sheffield Utd,5,0,H,Chris Kavanagh,0.0,3.0,12.0,5,4.0,5.0,12.0,5,0.0,7,0.0,6,0,0,0,0
436074,2023-12-02 15:00:00+00:00,2023-24,14,Arsenal,Wolverhampton,2,1,H,Peter Bankes,10.0,11.0,4.0,5,7.0,9.0,9.0,5,0.7142857142857143,7,0.2857142857142857,7,0,0,0,0
436075,2023-12-02 15:00:00+00:00,2023-24,14,Brentford,Luton Town,3,1,H,Anthony Taylor,9.0,8.0,6.0,5,5.0,6.0,8.0,5,0.2857142857142857,7,0.14285714285714285,7,0,0,0,0
436081,2023-12-02 17:30:00+00:00,2023-24,14,Nottingham,Everton,0,1,A,Paul Tierney,4.0,8.0,11.0,5,7.0,5.0,8.0,5,0.3333333333333333,6,0.5,6,0,0,0,0
436080,2023-12-02 20:00:00+00:00,2023-24,14,Newcastle,Man United,1,0,H,Robert Jones,10.0,11.0,5.0,5,12.0,7.0,4.0,5,0.8571428571428571,7,0.6666666666666666,6,0,0,0,0
436073,2023-12-03 14:00:00+00:00,2023-24,14,Bournemouth,Aston Villa,2,2,D,Thomas Bramall,9.0,9.0,10.0,5,12.0,12.0,6.0,5,0.2857142857142857,7,0.42857142857142855,7,0,0,0,0
436077,2023-12-03 14:00:00+00:00,2023-24,14,Chelsea,Brighton Hove,3,2,H,Craig Pawson,5.0,11.0,13.0,5,6.0,7.0,7.0,5,0.14285714285714285,7,0.5,6,0,0,0,0
436078,2023-12-03 14:00:00+00:00,2023-24,14,Liverpool,Fulham,4,3,H,Stuart Attwell,11.0,10.0,2.0,5,4.0,5.0,9.0,5,1.0,6,0.14285714285714285,7,0,0,0,0
436082,2023-12-03 14:00:00+00:00,2023-24,14,West Ham,Crystal Palace,1,1,D,Michael Oliver,6.0,8.0,11.0,5,3.0,6.0,11.0,5,0.5,6,0.42857142857142855,7,0,0,0,0
436079,2023-12-03 16:30:00+00:00,2023-24,14,Man City,Tottenham,3,3,D,Simon Hooper,11.0,16.0,7.0,5,6.0,7.0,9.0,5,0.8333333333333334,6,0.5714285714285714,7,0,0,0,0
436090,2023-12-05 19:30:00+00:00,2023-24,15,Wolverhampton,Burnley,1,0,H,Jarred Gillett,4.0,8.0,10.0,5,3.0,8.0,9.0,5,0.3333333333333333,6,0.16666666666666666,6,0,0,0,0
436087,2023-12-05 20:15:00+00:00,2023-24,15,Luton Town,Arsenal,3,4,A,Sam Barrott,4.0,5.0,9.0,5,12.0,11.0,3.0,5,0.16666666666666666,6,0.6666666666666666,6,0,0,0,0
436086,2023-12-06 19:30:00+00:00,2023-24,15,Fulham,Nottingham,5,0,H,Josh Smith,4.0,8.0,11.0,5,3.0,6.0,10.0,5,0.5,6,0.14285714285714285,7,0,0,0,0
436084,2023-12-06 19:30:00+00:00,2023-24,15,Brighton Hove,Brentford,2,1,H,Peter Bankes,6.0,8.0,8.0,5,9.0,8.0,7.0,5,0.42857142857142855,7,0.3333333333333333,6,0,0,0,0
436091,2023-12-06 19:30:00+00:00,2023-24,15,Crystal Palace,Bournemouth,0,2,A,Craig Pawson,4.0,7.0,8.0,5,10.0,10.0,10.0,5,0.16666666666666666,6,0.16666666666666666,6,0,0,0,0
436088,2023-12-06 19:30:00+00:00,2023-24,15,Sheffield Utd,Liverpool,0,2,A,Simon Hooper,4.0,4.0,15.0,5,11.0,12.0,5.0,5,0.14285714285714285,7,0.2857142857142857,7,0,0,0,0
436083,2023-12-06 20:15:00+00:00,2023-24,15,Aston Villa,Man City,1,0,H,John Brooks,10.0,10.0,7.0,5,9.0,17.0,9.0,5,1.0,6,0.5714285714285714,7,0,0,0,0
436092,2023-12-06 20:15:00+00:00,2023-24,15,Man United,Chelsea,2,1,H,Chris Kavanagh,9.0,5.0,4.0,5,7.0,12.0,13.0,5,0.5714285714285714,7,0.5,6,0,0,0,0
436085,2023-12-07 19:30:00+00:00,2023-24,15,Everton,Newcastle,3,0,H,Tim Robinson,10.0,6.0,6.0,5,10.0,8.0,5.0,5,0.14285714285714285,7,0.16666666666666666,6,0,0,0,0
436089,2023-12-07 20:15:00+00:00,2023-24,15,Tottenham,West Ham,1,2,A,Michael Salisbury,4.0,8.0,12.0,5,7.0,8.0,8.0,5,0.6666666666666666,6,0.42857142857142855,7,0,0,0,0
436095,2023-12-09 12:30:00+00:00,2023-24,16,Crystal Palace,Liverpool,1,2,A,Andy Madley,4.0,6.0,8.0,5,11.0,11.0,5.0,5,0.14285714285714285,7,0.375,8,0,0,0,0
436099,2023-12-09 15:00:00+00:00,2023-24,16,Man United,Bournemouth,0,3,A,Peter Bankes,12.0,7.0,2.0,5,10.0,10.0,9.0,5,0.625,8,0.2857142857142857,7,0,0,0,0
436094,2023-12-09 15:00:00+00:00,2023-24,16,Brighton Hove,Burnley,1,1,D,Simon Hooper,8.0,9.0,8.0,5,3.0,7.0,8.0,5,0.5,8,0.14285714285714285,7,0,0,0,0
436102,2023-12-09 15:00:00+00:00,2023-24,16,Wolverhampton,Nottingham,1,1,D,Sam Barrott,6.0,7.0,8.0,5,3.0,6.0,12.0,5,0.42857142857142855,7,0.125,8,0,0,0,0
436100,2023-12-09 15:00:00+00:00,2023-24,16,Sheffield Utd,Brentford,1,0,H,Stuart Attwell,4.0,4.0,12.0,5,6.0,7.0,9.0,5,0.125,8,0.2857142857142857,7,0,0,0,0
436093,2023-12-09 17:30:00+00:00,2023-24,16,Aston Villa,Arsenal,1,0,H,Jarred Gillett,10.0,8.0,6.0,5,12.0,10.0,6.0,5,1.0,7,0.7142857142857143,7,0,0,0,0
436096,2023-12-10 14:00:00+00:00,2023-24,16,Everton,Chelsea,2,0,H,Michael Oliver,10.0,8.0,6.0,5,7.0,13.0,13.0,5,0.25,8,0.42857142857142855,7,0,0,0,0
436097,2023-12-10 14:00:00+00:00,2023-24,16,Fulham,West Ham,5,0,H,Paul Tierney,6.0,12.0,10.0,5,10.0,10.0,8.0,5,0.5714285714285714,7,0.5,8,0,0,0,0
436098,2023-12-10 14:00:00+00:00,2023-24,16,Luton Town,Man City,1,2,A,Tim Robinson,4.0,7.0,10.0,5,6.0,14.0,10.0,5,0.14285714285714285,7,0.5,8,0,0,0,0
436101,2023-12-10 16:30:00+00:00,2023-24,16,Tottenham,Newcastle,4,1,H,Chris Kavanagh,1.0,7.0,13.0,5,9.0,6.0,6.0,5,0.5714285714285714,7,0.14285714285714285,7,0,0,0,0
436111,2023-12-15 20:00:00+00:00,2023-24,17,Nottingham,Tottenham,0,2,A,Jarred Gillett,1.0,5.0,13.0,5,4.0,10.0,10.0,5,0.2857142857142857,7,0.5,8,0,0,0,0
436107,2023-12-16 15:00:00+00:00,2023-24,17,Chelsea,Sheffield Utd,2,0,H,Andy Madley,4.0,9.0,14.0,5,4.0,3.0,11.0,5,0.25,8,0.0,7,0,0,0,0
436109,2023-12-16 15:00:00+00:00,2023-24,17,Man City,Crystal Palace,2,2,D,Paul Tierney,6.0,10.0,10.0,5,1.0,5.0,10.0,5,0.7142857142857143,7,0.375,8,0,0,0,0
436110,2023-12-16 15:00:00+00:00,2023-24,17,Newcastle,Fulham,3,0,H,Sam Barrott,6.0,6.0,10.0,5,9.0,17.0,9.0,5,0.875,8,0.125,8,0,0,0,0
436106,2023-12-16 17:30:00+00:00,2023-24,17,Burnley,Everton,0,2,A,Anthony Taylor,4.0,8.0,7.0,5,12.0,9.0,5.0,5,0.125,8,0.5714285714285714,7,0,0,0,0
436104,2023-12-17 14:00:00+00:00,2023-24,17,Arsenal,Brighton Hove,2,0,H,Tim Robinson,12.0,10.0,6.0,5,8.0,9.0,8.0,5,0.75,8,0.42857142857142855,7,0,0,0,0
436105,2023-12-17 14:00:00+00:00,2023-24,17,Brentford,Aston Villa,1,2,A,David Coote,3.0,4.0,8.0,5,13.0,9.0,4.0,5,0.375,8,0.375,8,0,0,0,0
436112,2023-12-17 14:00:00+00:00,2023-24,17,West Ham,Wolverhampton,3,0,H,Chris Kavanagh,10.0,8.0,10.0,5,7.0,7.0,7.0,5,0.42857142857142855,7,0.25,8,0,0,0,0
436108,2023-12-17 16:30:00+00:00,2023-24,17,Liverpool,Man United,0,0,D,Michael Oliver,13.0,12.0,5.0,5,9.0,6.0,5.0,5,1.0,7,0.5714285714285714,7,0,0,0,0
436114,2023-12-21 20:00:00+00:00,2023-24,18,Crystal Palace,Brighton Hove,1,1,D,John Brooks,2.0,5.0,9.0,5,7.0,8.0,9.0,5,0.125,8,0.375,8,0,0,0,0
436113,2023-12-22 20:00:00+00:00,2023-24,18,Aston Villa,Sheffield Utd,1,1,D,Anthony Taylor,13.0,8.0,4.0,5,3.0,2.0,12.0,5,1.0,8,0.0,8,0,0,0,0
436121,2023-12-23 12:30:00+00:00,2023-24,18,West Ham,Man United,2,0,H,Simon Hooper,10.0,8.0,8.0,5,7.0,5.0,5.0,5,0.5,8,0.5,8,0,0,0,0
436115,2023-12-23 15:00:00+00:00,2023-24,18,Fulham,Burnley,0,2,A,Rebecca Welch,9.0,16.0,9.0,5,4.0,7.0,6.0,5,0.625,8,0.125,8,0,0,0,0
436117,2023-12-23 15:00:00+00:00,2023-24,18,Luton Town,Newcastle,1,0,H,Darren England,3.0,7.0,11.0,5,9.0,9.0,8.0,5,0.125,8,0.125,8,0,0,0,0
436119,2023-12-23 15:00:00+00:00,2023-24,18,Nottingham,Bournemouth,2,3,A,Robert Jones,1.0,3.0,12.0,5,13.0,12.0,3.0,5,0.25,8,0.375,8,0,0,0,0
436120,2023-12-23 15:00:00+00:00,2023-24,18,Tottenham,Everton,2,1,H,Stuart Attwell,7.0,11.0,8.0,5,12.0,8.0,3.0,5,0.625,8,0.625,8,0,0,0,0
436116,2023-12-23 17:30:00+00:00,2023-24,18,Liverpool,Arsenal,1,1,D,Chris Kavanagh,11.0,9.0,5.0,5,12.0,9.0,5.0,5,0.875,8,0.625,8,0,0,0,0
436122,2023-12-24 13:00:00+00:00,2023-24,18,Wolverhampton,Chelsea,2,1,H,David Coote,4.0,5.0,9.0,5,6.0,7.0,10.0,5,0.375,8,0.375,8,0,0,0,0
436131,2023-12-26 12:30:00+00:00,2023-24,19,Newcastle,Nottingham,1,3,A,Chris Kavanagh,6.0,5.0,8.0,5,1.0,3.0,12.0,5,0.8888888888888888,9,0.1111111111111111,9,0,0,0,0
436123,2023-12-26 15:00:00+00:00,2023-24,19,Bournemouth,Fulham,3,0,H,Tim Robinson,13.0,13.0,5.0,5,6.0,13.0,9.0,5,0.25,8,0.1111111111111111,9,0,0,0,0
436132,2023-12-26 15:00:00+00:00,2023-24,19,Sheffield Utd,Luton Town,2,3,A,Samuel Allison,4.0,2.0,10.0,5,6.0,8.0,10.0,5,0.2222222222222222,9,0.125,8,0,0,0,0
436127,2023-12-26 17:30:00+00:00,2023-24,19,Burnley,Liverpool,0,2,A,Paul Tierney,7.0,8.0,4.0,5,11.0,9.0,5.0,5,0.1111111111111111,9,0.4444444444444444,9,0,0,0,0
436130,2023-12-26 20:00:00+00:00,2023-24,19,Man United,Aston Villa,3,2,H,Craig Pawson,4.0,2.0,7.0,5,11.0,7.0,4.0,5,0.5555555555555556,9,0.4444444444444444,9,0,0,0,0
436125,2023-12-27 19:30:00+00:00,2023-24,19,Brentford,Wolverhampton,1,4,A,Andy Madley,3.0,5.0,7.0,5,7.0,5.0,7.0,5,0.3333333333333333,9,0.2222222222222222,9,0,0,0,0
436128,2023-12-27 19:30:00+00:00,2023-24,19,Chelsea,Crystal Palace,2,1,H,Michael Salisbury,6.0,7.0,8.0,5,3.0,5.0,8.0,5,0.3333333333333333,9,0.3333333333333333,9,0,0,0,0
436129,2023-12-27 20:15:00+00:00,2023-24,19,Everton,Man City,1,3,A,John Brooks,12.0,9.0,2.0,5,6.0,8.0,8.0,5,0.3333333333333333,9,0.5555555555555556,9,0,0,0,0
436126,2023-12-28 19:30:00+00:00,2023-24,19,Brighton Hove,Tottenham,4,2,H,Jarred Gillett,5.0,6.0,8.0,5,10.0,12.0,7.0,5,0.4444444444444444,9,0.5555555555555556,9,0,0,0,0
436124,2023-12-28 20:15:00+00:00,2023-24,19,Arsenal,West Ham,0,2,A,Michael Oliver,10.0,9.0,6.0,5,10.0,8.0,7.0,5,0.7777777777777778,9,0.4444444444444444,9,0,0,0,0
436137,2023-12-30 12:30:00+00:00,2023-24,20,Luton Town,Chelsea,2,3,A,Paul Tierney,6.0,9.0,11.0,5,6.0,6.0,7.0,5,0.2222222222222222,9,0.3333333333333333,9,0,0,1,1
436133,2023-12-30 15:00:00+00:00,2023-24,20,Aston Villa,Burnley,3,2,H,Stuart Attwell,10.0,7.0,5.0,5,4.0,3.0,6.0,5,0.8888888888888888,9,0.2222222222222222,9,1,0,0,1
436134,2023-12-30 15:00:00+00:00,2023-24,20,Crystal Palace,Brentford,3,1,H,Robert Jones,2.0,5.0,9.0,5,3.0,6.0,10.0,5,0.1111111111111111,9,0.25,8,0,1,0,1
436138,2023-12-30 15:00:00+00:00,2023-24,20,Man City,Sheffield Utd,2,0,H,David Coote,8.0,10.0,8.0,5,4.0,4.0,8.0,5,0.625,8,0.0,9,1,0,0,1
436142,2023-12-30 15:00:00+00:00,2023-24,20,Wolverhampton,Everton,3,0,H,Thomas Bramall,10.0,8.0,6.0,5,9.0,9.0,5.0,5,0.4444444444444444,9,0.5555555555555556,9,1,0,0,1
436139,2023-12-30 17:30:00+00:00,2023-24,20,Nottingham,Man United,2,1,H,Tim Robinson,4.0,6.0,12.0,5,7.0,5.0,8.0,5,0.2222222222222222,9,0.4444444444444444,9,0,0,1,1
436135,2023-12-31 14:00:00+00:00,2023-24,20,Fulham,Arsenal,2,1,H,Peter Bankes,6.0,10.0,8.0,5,7.0,7.0,7.0,5,0.5555555555555556,9,0.5555555555555556,9,0,1,0,1
436140,2023-12-31 14:00:00+00:00,2023-24,20,Tottenham,Bournemouth,3,1,H,Simon Hooper,9.0,11.0,8.0,5,13.0,13.0,4.0,5,0.6666666666666666,9,0.4444444444444444,9,1,0,0,1
436136,2024-01-01 20:00:00+00:00,2023-24,20,Liverpool,Newcastle,4,2,H,Anthony Taylor,11.0,7.0,2.0,5,3.0,5.0,11.0,5,0.7777777777777778,9,0.1111111111111111,9,1,0,0,1
436141,2024-01-02 19:30:00+00:00,2023-24,20,West Ham,Brighton Hove,0,0,D,Sam Barrott,12.0,9.0,6.0,5,8.0,8.0,7.0,5,0.5555555555555556,9,0.3333333333333333,9,1,0,0,1
436147,2024-01-12 19:45:00+00:00,2023-24,21,Burnley,Luton Town,1,1,D,Tony Harrington,4.0,5.0,8.0,5,6.0,10.0,11.0,5,0.1,10,0.2222222222222222,9,1,0,0,1
436148,2024-01-13 12:30:00+00:00,2023-24,21,Chelsea,Fulham,1,0,H,Anthony Taylor,9.0,8.0,7.0,5,6.0,7.0,9.0,5,0.4,10,0.1,10,1,0,0,1
436151,2024-01-13 17:30:00+00:00,2023-24,21,Newcastle,Man City,2,3,A,Chris Kavanagh,3.0,7.0,12.0,5,10.0,9.0,5.0,5,0.8,10,0.6,10,0,0,1,1
436149,2024-01-14 14:00:00+00:00,2023-24,21,Everton,Aston Villa,0,0,D,David Coote,6.0,6.0,8.0,5,10.0,9.0,7.0,5,0.3,10,0.4,10,0,0,1,1
436150,2024-01-14 16:30:00+00:00,2023-24,21,Man United,Tottenham,2,2,D,John Brooks,4.0,4.0,9.0,5,12.0,13.0,7.0,5,0.6,10,0.5,10,0,0,1,1
436144,2024-01-20 12:30:00+00:00,2023-24,21,Arsenal,Crystal Palace,5,0,H,Paul Tierney,4.0,4.0,6.0,5,5.0,8.0,8.0,5,0.7,10,0.3,10,1,0,0,1
436145,2024-01-20 17:30:00+00:00,2023-24,21,Brentford,Nottingham,3,2,H,Darren England,0.0,4.0,12.0,5,7.0,8.0,8.0,5,0.3,10,0.2,10,0,1,0,1
436152,2024-01-21 14:00:00+00:00,2023-24,21,Sheffield Utd,West Ham,2,2,D,Michael Salisbury,4.0,4.0,8.0,5,10.0,7.0,5.0,5,0.2,10,0.5,10,0,0,1,1
436143,2024-01-21 16:30:00+00:00,2023-24,21,Bournemouth,Liverpool,0,4,A,Bobby Madley,12.0,12.0,5.0,5,11.0,9.0,4.0,5,0.3333333333333333,9,0.5,10,0,0,1,1
436146,2024-01-22 19:45:00+00:00,2023-24,21,Brighton Hove,Wolverhampton,0,0,D,Craig Pawson,6.0,6.0,6.0,5,10.0,10.0,6.0,5,0.5,10,0.3,10,1,0,0,1
436153,2024-01-30 19:30:00+00:00,2023-24,22,Nottingham,Arsenal,1,2,A,Simon Hooper,6.0,9.0,10.0,5,7.0,9.0,5.0,5,0.3,10,0.5,10,0,0,1,1
436155,2024-01-30 19:45:00+00:00,2023-24,22,Luton Town,Brighton Hove,4,0,H,Robert Jones,7.0,8.0,8.0,5,6.0,5.0,5.0,5,0.2,10,0.3,10,0,0,1,1
436156,2024-01-30 19:45:00+00:00,2023-24,22,Fulham,Everton,0,0,D,Thomas Bramall,3.0,2.0,10.0,5,4.0,4.0,8.0,5,0.6,10,0.5,10,1,0,0,1
436157,2024-01-30 20:00:00+00:00,2023-24,22,Crystal Palace,Sheffield Utd,3,2,H,Tony Harrington,5.0,7.0,11.0,5,2.0,5.0,10.0,5,0.2,10,0.0,10,1,0,0,1
436158,2024-01-30 20:15:00+00:00,2023-24,22,Aston Villa,Newcastle,1,3,A,John Brooks,8.0,8.0,7.0,5,3.0,8.0,11.0,5,0.9,10,0.1,10,0,0,1,1
436159,2024-01-31 19:30:00+00:00,2023-24,22,Tottenham,Brentford,3,2,H,David Coote,10.0,11.0,8.0,5,3.0,6.0,12.0,5,0.7,10,0.2222222222222222,9,0,1,0,1
436161,2024-01-31 19:30:00+00:00,2023-24,22,Man City,Burnley,3,1,H,Sam Barrott,13.0,12.0,6.0,5,4.0,5.0,8.0,5,0.6666666666666666,9,0.2,10,1,0,0,1
436162,2024-01-31 20:15:00+00:00,2023-24,22,Liverpool,Chelsea,4,1,H,Paul Tierney,11.0,11.0,3.0,5,12.0,9.0,5.0,5,0.8,10,0.4,10,0,1,0,1
436154,2024-02-01 19:30:00+00:00,2023-24,22,West Ham,Bournemouth,1,1,D,Tim Robinson,11.0,9.0,2.0,5,9.0,10.0,9.0,5,0.5,10,0.4,10,0,1,0,1
436160,2024-02-01 20:15:00+00:00,2023-24,22,Wolverhampton,Man United,3,4,A,Jarred Gillett,10.0,9.0,5.0,5,5.0,6.0,8.0,5,0.5,10,0.4,10,0,0,1,1
436169,2024-02-03 12:30:00+00:00,2023-24,23,Everton,Tottenham,2,2,D,Michael Oliver,2.0,2.0,8.0,5,10.0,12.0,10.0,5,0.2727272727272727,11,0.45454545454545453,11,0,0,1,1
436166,2024-02-03 15:00:00+00:00,2023-24,23,Brighton Hove,Crystal Palace,4,1,H,Simon Hooper,6.0,5.0,7.0,5,7.0,8.0,11.0,5,0.45454545454545453,11,0.2727272727272727,11,0,1,0,1
436167,2024-02-03 15:00:00+00:00,2023-24,23,Burnley,Fulham,2,2,D,Darren Bond,4.0,6.0,9.0,5,4.0,2.0,7.0,5,0.09090909090909091,11,0.09090909090909091,11,1,0,0,1
436171,2024-02-03 15:00:00+00:00,2023-24,23,Newcastle,Luton Town,4,4,D,Thomas Bramall,3.0,8.0,12.0,5,10.0,11.0,6.0,5,0.7272727272727273,11,0.2,10,0,0,1,1
436172,2024-02-03 17:30:00+00:00,2023-24,23,Sheffield Utd,Aston Villa,0,5,A,Paul Tierney,2.0,7.0,11.0,5,5.0,7.0,9.0,5,0.18181818181818182,11,0.36363636363636365,11,0,1,0,1
436163,2024-02-04 14:00:00+00:00,2023-24,23,Bournemouth,Nottingham,1,1,D,Rebecca Welch,7.0,8.0,10.0,5,6.0,10.0,10.0,5,0.3,10,0.18181818181818182,11,1,0,0,1
436168,2024-02-04 14:00:00+00:00,2023-24,23,Chelsea,Wolverhampton,2,4,A,Tim Robinson,9.0,8.0,9.0,5,10.0,12.0,6.0,5,0.45454545454545453,11,0.2727272727272727,11,0,0,1,1
436170,2024-02-04 14:00:00+00:00,2023-24,23,Man United,West Ham,3,0,H,Andy Madley,7.0,10.0,11.0,5,9.0,7.0,3.0,5,0.5454545454545454,11,0.45454545454545453,11,0,0,1,1
436164,2024-02-04 16:30:00+00:00,2023-24,23,Arsenal,Liverpool,3,1,H,Anthony Taylor,7.0,9.0,6.0,5,13.0,15.0,4.0,5,0.7272727272727273,11,0.5454545454545454,11,0,1,0,1
436165,2024-02-05 20:00:00+00:00,2023-24,23,Brentford,Man City,1,3,A,Jarred Gillett,3.0,8.0,14.0,5,13.0,13.0,6.0,5,0.36363636363636365,11,0.6363636363636364,11,0,0,0,0
436178,2024-02-10 12:30:00+00:00,2023-24,24,Man City,Everton,2,0,H,John Brooks,15.0,14.0,5.0,5,3.0,3.0,8.0,5,0.7,10,0.45454545454545453,11,1,0,0,1
436176,2024-02-10 15:00:00+00:00,2023-24,24,Liverpool,Burnley,3,1,H,Tim Robinson,12.0,15.0,6.0,5,2.0,6.0,11.0,5,0.8181818181818182,11,0.18181818181818182,11,1,0,0,1
436180,2024-02-10 15:00:00+00:00,2023-24,24,Tottenham,Brighton Hove,2,1,H,Sam Barrott,8.0,12.0,11.0,5,8.0,8.0,7.0,5,0.7272727272727273,11,0.2727272727272727,11,0,0,1,1
436175,2024-02-10 15:00:00+00:00,2023-24,24,Fulham,Bournemouth,3,1,H,Darren England,5.0,4.0,7.0,5,5.0,6.0,9.0,5,0.5454545454545454,11,0.36363636363636365,11,0,0,1,1
436182,2024-02-10 15:00:00+00:00,2023-24,24,Wolverhampton,Brentford,0,2,A,Simon Hooper,10.0,14.0,7.0,5,3.0,8.0,15.0,5,0.45454545454545453,11,0.2,10,1,0,0,1
436177,2024-02-10 15:00:00+00:00,2023-24,24,Luton Town,Sheffield Utd,1,3,A,Chris Kavanagh,8.0,14.0,10.0,5,1.0,6.0,15.0,5,0.2727272727272727,11,0.0,11,1,0,0,1
436179,2024-02-10 17:30:00+00:00,2023-24,24,Nottingham,Newcastle,2,3,A,Anthony Taylor,7.0,9.0,8.0,5,4.0,12.0,15.0,5,0.2727272727272727,11,0.18181818181818182,11,1,0,0,1
436181,2024-02-11 14:00:00+00:00,2023-24,24,West Ham,Arsenal,0,6,A,Craig Pawson,6.0,5.0,6.0,5,9.0,11.0,6.0,5,0.45454545454545453,11,0.5454545454545454,11,1,0,0,1
436173,2024-02-11 16:30:00+00:00,2023-24,24,Aston Villa,Man United,1,2,A,Robert Jones,7.0,11.0,8.0,5,10.0,13.0,9.0,5,0.8181818181818182,11,0.45454545454545453,11,0,0,1,1
436174,2024-02-12 20:00:00+00:00,2023-24,24,Crystal Palace,Chelsea,1,3,A,Michael Oliver,6.0,8.0,14.0,5,9.0,9.0,11.0,5,0.2727272727272727,11,0.36363636363636365,11,0,0,1,1
436183,2024-02-17 12:30:00+00:00,2023-24,25,Brentford,Liverpool,1,4,A,Michael Oliver,6.0,9.0,11.0,5,12.0,16.0,7.0,5,0.3333333333333333,12,0.5,12,0,0,1,1
436184,2024-02-17 15:00:00+00:00,2023-24,25,Burnley,Arsenal,0,5,A,Jarred Gillett,2.0,7.0,12.0,5,12.0,17.0,4.0,5,0.08333333333333333,12,0.5833333333333334,12,0,0,1,1
436186,2024-02-17 15:00:00+00:00,2023-24,25,Fulham,Aston Villa,1,2,A,Lewis Smith,8.0,7.0,5.0,5,7.0,10.0,7.0,5,0.5833333333333334,12,0.4166666666666667,12,0,0,1,1
436189,2024-02-17 15:00:00+00:00,2023-24,25,Newcastle,Bournemouth,2,2,D,Michael Salisbury,7.0,14.0,14.0,5,2.0,4.0,12.0,5,0.6666666666666666,12,0.3333333333333333,12,0,0,1,1
436190,2024-02-17 15:00:00+00:00,2023-24,25,Nottingham,West Ham,2,0,H,Thomas Bramall,4.0,8.0,10.0,5,3.0,3.0,12.0,5,0.25,12,0.4166666666666667,12,0,0,1,1
436192,2024-02-17 15:00:00+00:00,2023-24,25,Tottenham,Wolverhampton,1,2,A,Anthony Taylor,11.0,12.0,8.0,5,7.0,10.0,8.0,5,0.75,12,0.3333333333333333,12,0,0,1,1
436188,2024-02-17 17:30:00+00:00,2023-24,25,Man City,Chelsea,1,1,D,Andy Madley,15.0,13.0,4.0,5,9.0,10.0,11.0,5,0.7272727272727273,11,0.4166666666666667,12,0,1,0,1
436191,2024-02-18 14:00:00+00:00,2023-24,25,Sheffield Utd,Brighton Hove,0,5,A,Stuart Attwell,4.0,7.0,13.0,5,5.0,5.0,7.0,5,0.16666666666666666,12,0.25,12,0,1,0,1
436187,2024-02-18 16:30:00+00:00,2023-24,25,Luton Town,Man United,1,2,A,David Coote,5.0,12.0,11.0,5,10.0,12.0,8.0,5,0.25,12,0.5,12,0,0,1,1
436185,2024-02-19 20:00:00+00:00,2023-24,25,Everton,Crystal Palace,1,1,D,Paul Tierney,3.0,2.0,7.0,5,6.0,8.0,15.0,5,0.25,12,0.25,12,1,0,0,1
436118,2024-02-20 19:30:00+00:00,2023-24,18,Man City,Brentford,1,0,H,Darren England,13.0,12.0,5.0,5,6.0,9.0,12.0,5,0.6666666666666666,12,0.2727272727272727,11,1,0,0,1
436199,2024-02-21 19:30:00+00:00,2023-24,26,Liverpool,Luton Town,4,1,H,Andy Madley,12.0,16.0,6.0,5,5.0,11.0,10.0,5,0.8333333333333334,12,0.18181818181818182,11,0,1,0,1
436195,2024-02-24 15:00:00+00:00,2023-24,26,Aston Villa,Nottingham,4,2,H,Sam Barrott,7.0,9.0,6.0,5,4.0,8.0,9.0,5,0.75,12,0.16666666666666666,12,0,0,1,1
436196,2024-02-24 15:00:00+00:00,2023-24,26,Brighton Hove,Everton,1,1,D,Tony Harrington,7.0,10.0,7.0,5,4.0,3.0,5.0,5,0.5,12,0.4166666666666667,12,0,1,0,1
436198,2024-02-24 15:00:00+00:00,2023-24,26,Crystal Palace,Burnley,3,0,H,Lewis Smith,4.0,6.0,15.0,5,2.0,5.0,14.0,5,0.25,12,0.16666666666666666,12,1,0,0,1
436200,2024-02-24 15:00:00+00:00,2023-24,26,Man United,Fulham,1,2,A,Michael Oliver,13.0,13.0,7.0,5,5.0,6.0,6.0,5,0.5833333333333334,12,0.08333333333333333,12,1,0,0,1
436193,2024-02-24 17:30:00+00:00,2023-24,26,Bournemouth,Man City,0,1,A,Jarred Gillett,3.0,5.0,11.0,5,13.0,10.0,3.0,5,0.2727272727272727,11,0.6666666666666666,12,0,0,1,1
436194,2024-02-24 20:00:00+00:00,2023-24,26,Arsenal,Newcastle,4,1,H,Paul Tierney,15.0,21.0,2.0,5,8.0,14.0,12.0,5,0.75,12,0.25,12,0,0,1,1
436202,2024-02-25 13:30:00+00:00,2023-24,26,Wolverhampton,Sheffield Utd,1,0,H,Darren Bond,7.0,9.0,9.0,5,4.0,7.0,16.0,5,0.4166666666666667,12,0.08333333333333333,12,0,0,1,1
436201,2024-02-26 20:00:00+00:00,2023-24,26,West Ham,Brentford,4,2,H,Simon Hooper,2.0,3.0,14.0,5,3.0,6.0,11.0,5,0.4166666666666667,12,0.25,12,0,0,1,1
436203,2024-03-02 15:00:00+00:00,2023-24,27,Brentford,Chelsea,2,2,D,Jarred Gillett,3.0,6.0,12.0,5,7.0,8.0,10.0,5,0.3076923076923077,13,0.38461538461538464,13,1,0,0,1
436205,2024-03-02 15:00:00+00:00,2023-24,27,Everton,West Ham,1,3,A,Craig Pawson,4.0,4.0,6.0,5,4.0,5.0,14.0,5,0.23076923076923078,13,0.38461538461538464,13,1,0,0,1
436206,2024-03-02 15:00:00+00:00,2023-24,27,Fulham,Brighton Hove,3,0,H,Simon Hooper,8.0,8.0,6.0,5,7.0,11.0,8.0,5,0.5384615384615384,13,0.3076923076923077,13,0,1,0,1
436209,2024-03-02 15:00:00+00:00,2023-24,27,Newcastle,Wolverhampton,3,0,H,Tim Robinson,8.0,13.0,13.0,5,9.0,10.0,9.0,5,0.6153846153846154,13,0.38461538461538464,13,0,1,0,1
436210,2024-03-02 15:00:00+00:00,2023-24,27,Nottingham,Liverpool,0,1,A,Paul Tierney,4.0,8.0,10.0,5,12.0,16.0,7.0,5,0.3076923076923077,13,0.5384615384615384,13,0,0,1,1
436212,2024-03-02 15:00:00+00:00,2023-24,27,Tottenham,Crystal Palace,3,1,H,John Brooks,8.0,10.0,9.0,5,7.0,9.0,10.0,5,0.6923076923076923,13,0.23076923076923078,13,1,0,0,1
436207,2024-03-02 17:30:00+00:00,2023-24,27,Luton Town,Aston Villa,2,3,A,Michael Oliver,4.0,11.0,13.0,5,9.0,13.0,8.0,5,0.23076923076923078,13,0.46153846153846156,13,0,0,1,1
436204,2024-03-03 13:00:00+00:00,2023-24,27,Burnley,Bournemouth,0,2,A,David Coote,1.0,4.0,16.0,5,3.0,5.0,8.0,5,0.07692307692307693,13,0.3076923076923077,13,0,0,1,1
436208,2024-03-03 15:30:00+00:00,2023-24,27,Man City,Man United,3,1,H,Andy Madley,13.0,8.0,2.0,5,12.0,12.0,7.0,5,0.6923076923076923,13,0.5384615384615384,13,1,0,0,1
436211,2024-03-04 20:00:00+00:00,2023-24,27,Sheffield Utd,Arsenal,0,6,A,Sam Barrott,3.0,5.0,15.0,5,15.0,20.0,3.0,5,0.15384615384615385,13,0.6153846153846154,13,0,0,1,1
436220,2024-03-09 12:30:00+00:00,2023-24,28,Man United,Everton,2,0,H,Simon Hooper,9.0,9.0,7.0,5,3.0,5.0,9.0,5,0.5384615384615384,13,0.38461538461538464,13,1,0,0,1
436213,2024-03-09 15:00:00+00:00,2023-24,28,Bournemouth,Sheffield Utd,2,2,D,Anthony Taylor,5.0,6.0,7.0,5,3.0,3.0,18.0,5,0.25,12,0.07692307692307693,13,1,0,0,1
436218,2024-03-09 15:00:00+00:00,2023-24,28,Crystal Palace,Luton Town,1,1,D,Sunny Gill,4.0,7.0,11.0,5,1.0,9.0,16.0,5,0.3076923076923077,13,0.16666666666666666,12,0,0,1,1
436222,2024-03-09 15:00:00+00:00,2023-24,28,Wolverhampton,Fulham,2,1,H,Tony Harrington,9.0,7.0,8.0,5,10.0,11.0,6.0,5,0.46153846153846156,13,0.15384615384615385,13,0,0,1,1
436214,2024-03-09 17:30:00+00:00,2023-24,28,Arsenal,Brentford,2,1,H,Robert Jones,15.0,24.0,2.0,5,4.0,7.0,11.0,5,0.7692307692307693,13,0.23076923076923078,13,1,0,0,1
436215,2024-03-10 13:00:00+00:00,2023-24,28,Aston Villa,Tottenham,0,4,A,Chris Kavanagh,12.0,15.0,7.0,5,10.0,11.0,8.0,5,0.7692307692307693,13,0.4166666666666667,12,1,0,0,1
436216,2024-03-10 14:00:00+00:00,2023-24,28,Brighton Hove,Nottingham,1,0,H,Michael Salisbury,7.0,11.0,7.0,5,4.0,7.0,9.0,5,0.46153846153846156,13,0.15384615384615385,13,1,0,0,1
436221,2024-03-10 14:00:00+00:00,2023-24,28,West Ham,Burnley,2,2,D,Darren England,6.0,7.0,14.0,5,1.0,3.0,15.0,5,0.46153846153846156,13,0.15384615384615385,13,1,0,0,1
436219,2024-03-10 15:45:00+00:00,2023-24,28,Liverpool,Man City,1,1,D,Michael Oliver,12.0,13.0,6.0,5,13.0,8.0,2.0,5,0.8461538461538461,13,0.6923076923076923,13,0,1,0,1
436217,2024-03-11 20:00:00+00:00,2023-24,28,Chelsea,Newcastle,3,2,H,John Brooks,5.0,9.0,12.0,5,8.0,13.0,12.0,5,0.4166666666666667,12,0.23076923076923078,13,0,0,1,1
436103,2024-03-13 19:30:00+00:00,2023-24,17,Bournemouth,Luton Town,4,3,H,Samuel Allison,5.0,7.0,8.0,5,1.0,6.0,13.0,5,0.23076923076923078,13,0.15384615384615385,13,0,0,0,0
436225,2024-03-16 15:00:00+00:00,2023-24,29,Burnley,Brentford,2,1,H,Darren Bond,1.0,3.0,15.0,5,1.0,6.0,13.0,5,0.07142857142857142,14,0.21428571428571427,14,0,0,1,1
436229,2024-03-16 15:00:00+00:00,2023-24,29,Luton Town,Nottingham,1,1,D,Darren England,1.0,8.0,14.0,5,3.0,6.0,9.0,5,0.21428571428571427,14,0.14285714285714285,14,0,1,0,1
436228,2024-03-16 17:30:00+00:00,2023-24,29,Fulham,Tottenham,3,0,H,Robert Jones,9.0,10.0,6.0,5,10.0,12.0,6.0,5,0.5714285714285714,14,0.46153846153846156,13,0,0,1,1
436231,2024-03-17 14:00:00+00:00,2023-24,29,West Ham,Aston Villa,1,1,D,Jarred Gillett,7.0,9.0,13.0,5,9.0,10.0,11.0,5,0.42857142857142855,14,0.5,14,0,0,1,1
436239,2024-03-30 12:30:00+00:00,2023-24,30,Newcastle,West Ham,4,3,H,Robert Jones,7.0,11.0,11.0,5,8.0,10.0,8.0,5,0.6428571428571429,14,0.42857142857142855,14,0,1,0,1
436240,2024-03-30 15:00:00+00:00,2023-24,30,Nottingham,Crystal Palace,1,1,D,Chris Kavanagh,4.0,5.0,7.0,5,5.0,7.0,8.0,5,0.2857142857142857,14,0.21428571428571427,14,0,1,0,1
436236,2024-03-30 15:00:00+00:00,2023-24,30,Chelsea,Burnley,2,2,D,Darren England,8.0,11.0,10.0,5,4.0,4.0,13.0,5,0.46153846153846156,13,0.14285714285714285,14,1,0,0,1
436242,2024-03-30 15:00:00+00:00,2023-24,30,Tottenham,Luton Town,2,1,H,Jarred Gillett,9.0,10.0,7.0,5,2.0,8.0,13.0,5,0.7142857142857143,14,0.14285714285714285,14,1,0,0,1
436241,2024-03-30 15:00:00+00:00,2023-24,30,Sheffield Utd,Fulham,3,3,D,Tim Robinson,4.0,5.0,15.0,5,9.0,10.0,5.0,5,0.14285714285714285,14,0.14285714285714285,14,0,0,1,1
436233,2024-03-30 15:00:00+00:00,2023-24,30,Bournemouth,Everton,2,1,H,Sam Barrott,8.0,10.0,8.0,5,2.0,3.0,9.0,5,0.2857142857142857,14,0.35714285714285715,14,0,0,1,1
436234,2024-03-30 17:30:00+00:00,2023-24,30,Aston Villa,Wolverhampton,2,0,H,Paul Tierney,10.0,10.0,10.0,5,9.0,5.0,7.0,5,0.7142857142857143,14,0.35714285714285715,14,0,1,0,1
436235,2024-03-30 20:00:00+00:00,2023-24,30,Brentford,Man United,1,1,D,Simon Hooper,1.0,6.0,11.0,5,9.0,8.0,7.0,5,0.2857142857142857,14,0.5,14,0,0,1,1
436237,2024-03-31 13:00:00+00:00,2023-24,30,Liverpool,Brighton Hove,2,1,H,David Coote,13.0,13.0,4.0,5,7.0,8.0,6.0,5,0.7857142857142857,14,0.2857142857142857,14,0,1,0,1
436238,2024-03-31 15:30:00+00:00,2023-24,30,Man City,Arsenal,0,0,D,Anthony Taylor,11.0,7.0,3.0,5,15.0,23.0,2.0,5,0.7142857142857143,14,0.6428571428571429,14,0,0,1,1
436247,2024-04-02 18:30:00+00:00,2023-24,31,Nottingham,Fulham,3,1,H,Michael Oliver,2.0,4.0,8.0,5,10.0,12.0,6.0,5,0.26666666666666666,15,0.13333333333333333,15,0,0,1,1
436250,2024-04-02 18:30:00+00:00,2023-24,31,Newcastle,Everton,1,1,D,Tony Harrington,7.0,12.0,12.0,5,2.0,4.0,9.0,5,0.6666666666666666,15,0.3333333333333333,15,0,0,1,1
436243,2024-04-02 18:45:00+00:00,2023-24,31,Bournemouth,Crystal Palace,1,0,H,Graham Scott,10.0,10.0,7.0,5,6.0,7.0,6.0,5,0.3333333333333333,15,0.2,15,1,0,0,1
436246,2024-04-02 18:45:00+00:00,2023-24,31,Burnley,Wolverhampton,1,1,D,Thomas Bramall,5.0,6.0,10.0,5,9.0,5.0,7.0,5,0.13333333333333333,15,0.3333333333333333,15,0,0,1,1
436248,2024-04-02 19:15:00+00:00,2023-24,31,West Ham,Tottenham,1,1,D,John Brooks,8.0,13.0,10.0,5,9.0,10.0,7.0,5,0.4,15,0.42857142857142855,14,1,0,0,1
436244,2024-04-03 18:30:00+00:00,2023-24,31,Arsenal,Luton Town,2,0,H,Craig Pawson,13.0,17.0,2.0,5,2.0,8.0,11.0,5,0.7857142857142857,14,0.13333333333333333,15,1,0,0,1
436245,2024-04-03 18:30:00+00:00,2023-24,31,Brentford,Brighton Hove,0,0,D,Bobby Madley,2.0,7.0,11.0,5,7.0,8.0,6.0,5,0.26666666666666666,15,0.26666666666666666,15,0,0,1,1
436252,2024-04-03 19:15:00+00:00,2023-24,31,Man City,Aston Villa,4,1,H,Darren England,11.0,6.0,2.0,5,10.0,10.0,9.0,5,0.6666666666666666,15,0.4666666666666667,15,0,0,1,1
436251,2024-04-04 18:30:00+00:00,2023-24,31,Liverpool,Sheffield Utd,3,1,H,Stuart Attwell,13.0,12.0,4.0,5,2.0,5.0,17.0,5,0.8,15,0.07142857142857142,14,1,0,0,1
436249,2024-04-04 19:15:00+00:00,2023-24,31,Chelsea,Man United,4,3,H,Jarred Gillett,9.0,11.0,8.0,5,7.0,7.0,7.0,5,0.42857142857142855,14,0.4666666666666667,15,0,0,1,1
436255,2024-04-06 11:30:00+00:00,2023-24,32,Crystal Palace,Man City,2,4,A,Paul Tierney,5.0,6.0,6.0,5,11.0,9.0,3.0,5,0.2857142857142857,14,0.6428571428571429,14,0,1,0,1
436253,2024-04-06 14:00:00+00:00,2023-24,32,Aston Villa,Brentford,3,3,D,Michael Salisbury,7.0,7.0,11.0,5,3.0,5.0,7.0,5,0.7333333333333333,15,0.2,15,1,0,0,1
436256,2024-04-06 14:00:00+00:00,2023-24,32,Everton,Burnley,1,0,H,Michael Oliver,2.0,4.0,9.0,5,6.0,7.0,8.0,5,0.21428571428571427,14,0.13333333333333333,15,1,0,0,1
436257,2024-04-06 14:00:00+00:00,2023-24,32,Fulham,Newcastle,0,1,A,Samuel Allison,7.0,11.0,8.0,5,7.0,11.0,11.0,5,0.6,15,0.21428571428571427,14,0,0,1,1
436258,2024-04-06 14:00:00+00:00,2023-24,32,Luton Town,Bournemouth,2,1,H,Andy Madley,2.0,6.0,10.0,5,13.0,11.0,6.0,5,0.2,15,0.35714285714285715,14,0,0,1,1
436262,2024-04-06 14:00:00+00:00,2023-24,32,Wolverhampton,West Ham,1,2,A,Tony Harrington,7.0,4.0,7.0,5,6.0,10.0,9.0,5,0.5,14,0.4,15,0,0,1,1
436254,2024-04-06 16:30:00+00:00,2023-24,32,Brighton Hove,Arsenal,0,3,A,John Brooks,5.0,3.0,6.0,5,13.0,14.0,2.0,5,0.5,14,0.6,15,0,0,1,1
436259,2024-04-07 14:30:00+00:00,2023-24,32,Man United,Liverpool,2,2,D,Anthony Taylor,4.0,8.0,10.0,5,13.0,11.0,4.0,5,0.5714285714285714,14,0.5714285714285714,14,0,1,0,1
436260,2024-04-07 16:30:00+00:00,2023-24,32,Sheffield Utd,Chelsea,2,2,D,Robert Jones,2.0,6.0,15.0,5,9.0,12.0,10.0,5,0.13333333333333333,15,0.35714285714285715,14,0,0,1,1
436261,2024-04-07 17:00:00+00:00,2023-24,32,Tottenham,Nottingham,3,1,H,Simon Hooper,10.0,10.0,6.0,5,5.0,5.0,5.0,5,0.7333333333333333,15,0.13333333333333333,15,1,0,0,1
436270,2024-04-13 11:30:00+00:00,2023-24,33,Newcastle,Tottenham,4,0,H,Tim Robinson,10.0,11.0,7.0,5,10.0,10.0,6.0,5,0.625,16,0.4,15,0,0,1,1
436265,2024-04-13 14:00:00+00:00,2023-24,33,Brentford,Sheffield Utd,2,0,H,Sam Barrott,3.0,6.0,8.0,5,3.0,8.0,16.0,5,0.25,16,0.06666666666666667,15,0,0,1,1
436266,2024-04-13 14:00:00+00:00,2023-24,33,Burnley,Brighton Hove,1,1,D,Simon Hooper,6.0,7.0,7.0,5,4.0,2.0,8.0,5,0.125,16,0.25,16,0,1,0,1
436269,2024-04-13 14:00:00+00:00,2023-24,33,Man City,Luton Town,5,1,H,John Brooks,11.0,12.0,5.0,5,4.0,7.0,10.0,5,0.6875,16,0.125,16,1,0,0,1
436271,2024-04-13 14:00:00+00:00,2023-24,33,Nottingham,Wolverhampton,2,2,D,Craig Pawson,5.0,6.0,7.0,5,4.0,4.0,9.0,5,0.3125,16,0.3125,16,0,1,0,1
436263,2024-04-13 16:30:00+00:00,2023-24,33,Bournemouth,Man United,2,2,D,Tony Harrington,10.0,10.0,8.0,5,5.0,9.0,10.0,5,0.375,16,0.4375,16,1,0,0,1
436268,2024-04-14 13:00:00+00:00,2023-24,33,Liverpool,Crystal Palace,0,1,A,Chris Kavanagh,11.0,9.0,5.0,5,2.0,5.0,10.0,5,0.8125,16,0.1875,16,1,0,0,1
436272,2024-04-14 13:00:00+00:00,2023-24,33,West Ham,Fulham,0,2,A,Stuart Attwell,6.0,9.0,9.0,5,4.0,8.0,9.0,5,0.375,16,0.125,16,0,0,1,1
436264,2024-04-14 15:30:00+00:00,2023-24,33,Arsenal,Aston Villa,0,2,A,David Coote,13.0,13.0,1.0,5,5.0,7.0,12.0,5,0.8,15,0.4375,16,0,0,1,1
436267,2024-04-15 19:00:00+00:00,2023-24,33,Chelsea,Everton,6,0,H,Paul Tierney,9.0,13.0,11.0,5,4.0,4.0,8.0,5,0.4666666666666667,15,0.3125,16,0,0,1,1
436278,2024-04-20 14:00:00+00:00,2023-24,34,Luton Town,Brentford,1,5,A,Jarred Gillett,4.0,5.0,11.0,5,6.0,7.0,6.0,5,0.25,16,0.1875,16,0,0,1,1
436280,2024-04-20 14:00:00+00:00,2023-24,34,Sheffield Utd,Burnley,1,4,A,Andy Madley,3.0,8.0,12.0,5,6.0,6.0,6.0,5,0.125,16,0.125,16,0,0,1,1
436282,2024-04-20 18:30:00+00:00,2023-24,34,Wolverhampton,Arsenal,0,2,A,Paul Tierney,5.0,6.0,8.0,5,10.0,7.0,3.0,5,0.4666666666666667,15,0.625,16,0,0,1,1
436276,2024-04-21 12:30:00+00:00,2023-24,34,Everton,Nottingham,2,0,H,Anthony Taylor,4.0,3.0,11.0,5,6.0,8.0,8.0,5,0.26666666666666666,15,0.125,16,1,0,0,1
436273,2024-04-21 14:00:00+00:00,2023-24,34,Aston Villa,Bournemouth,3,1,H,Tim Robinson,8.0,9.0,8.0,5,10.0,10.0,8.0,5,0.6875,16,0.3333333333333333,15,0,1,0,1
436275,2024-04-21 14:00:00+00:00,2023-24,34,Crystal Palace,West Ham,5,2,H,Graham Scott,5.0,5.0,7.0,5,5.0,7.0,9.0,5,0.26666666666666666,15,0.4375,16,0,1,0,1
436277,2024-04-21 15:30:00+00:00,2023-24,34,Fulham,Liverpool,1,3,A,Craig Pawson,7.0,9.0,7.0,5,8.0,8.0,6.0,5,0.5625,16,0.5333333333333333,15,0,0,1,1
436223,2024-04-23 19:00:00+00:00,2023-24,29,Arsenal,Chelsea,5,0,H,Simon Hooper,10.0,7.0,2.0,5,11.0,17.0,9.0,5,0.75,16,0.3333333333333333,15,0,1,0,1
436232,2024-04-24 18:45:00+00:00,2023-24,29,Wolverhampton,Bournemouth,0,1,A,Stuart Attwell,2.0,4.0,9.0,5,7.0,7.0,8.0,5,0.4375,16,0.3125,16,1,0,0,1
436226,2024-04-24 19:00:00+00:00,2023-24,29,Crystal Palace,Newcastle,2,0,H,Thomas Bramall,7.0,9.0,8.0,5,10.0,12.0,7.0,5,0.3125,16,0.26666666666666666,15,0,0,1,1
436227,2024-04-24 19:00:00+00:00,2023-24,29,Everton,Liverpool,2,0,H,Andy Madley,7.0,5.0,9.0,5,10.0,10.0,6.0,5,0.3125,16,0.5625,16,0,0,1,1
436230,2024-04-24 19:00:00+00:00,2023-24,29,Man United,Sheffield Utd,4,2,H,Michael Salisbury,6.0,10.0,9.0,5,2.0,7.0,14.0,5,0.5333333333333333,15,0.0625,16,1,0,0,1
436224,2024-04-25 19:00:00+00:00,2023-24,29,Brighton Hove,Man City,0,4,A,Jarred Gillett,5.0,3.0,6.0,5,11.0,14.0,5.0,5,0.4666666666666667,15,0.6666666666666666,15,0,0,1,1
436291,2024-04-27 11:30:00+00:00,2023-24,35,West Ham,Liverpool,2,2,D,Anthony Taylor,4.0,8.0,13.0,5,7.0,8.0,7.0,5,0.35294117647058826,17,0.5294117647058824,17,0,0,1,1
436286,2024-04-27 14:00:00+00:00,2023-24,35,Fulham,Crystal Palace,1,1,D,Stuart Attwell,4.0,7.0,10.0,5,9.0,10.0,7.0,5,0.5294117647058824,17,0.23529411764705882,17,0,1,0,1
436287,2024-04-27 14:00:00+00:00,2023-24,35,Man United,Burnley,1,1,D,John Brooks,6.0,12.0,11.0,5,6.0,8.0,6.0,5,0.5625,16,0.17647058823529413,17,1,0,0,1
436288,2024-04-27 14:00:00+00:00,2023-24,35,Newcastle,Sheffield Utd,5,1,H,Tony Harrington,10.0,10.0,6.0,5,1.0,6.0,15.0,5,0.6470588235294118,17,0.058823529411764705,17,1,0,0,1
436292,2024-04-27 14:00:00+00:00,2023-24,35,Wolverhampton,Luton Town,2,1,H,David Coote,2.0,4.0,8.0,5,3.0,5.0,15.0,5,0.4117647058823529,17,0.11764705882352941,17,0,1,0,1
436285,2024-04-27 16:30:00+00:00,2023-24,35,Everton,Brentford,1,0,H,Darren England,10.0,6.0,7.0,5,9.0,11.0,5.0,5,0.35294117647058826,17,0.23529411764705882,17,1,0,0,1
436284,2024-04-27 19:00:00+00:00,2023-24,35,Aston Villa,Chelsea,2,2,D,Craig Pawson,10.0,11.0,8.0,5,8.0,14.0,12.0,5,0.7058823529411765,17,0.3125,16,1,0,0,1
436283,2024-04-28 13:00:00+00:00,2023-24,35,Bournemouth,Brighton Hove,3,0,H,Paul Tierney,7.0,6.0,7.0,5,2.0,2.0,10.0,5,0.35294117647058826,17,0.23529411764705882,17,0,0,1,1
436290,2024-04-28 13:00:00+00:00,2023-24,35,Tottenham,Arsenal,2,3,A,Michael Oliver,7.0,6.0,10.0,5,12.0,12.0,2.0,5,0.75,16,0.6470588235294118,17,0,1,0,1
436289,2024-04-28 15:30:00+00:00,2023-24,35,Nottingham,Man City,0,2,A,Simon Hooper,5.0,7.0,9.0,5,13.0,17.0,4.0,5,0.29411764705882354,17,0.6875,16,0,0,1,1
436197,2024-05-02 18:30:00+00:00,2023-24,26,Chelsea,Tottenham,2,0,H,Robert Jones,8.0,14.0,12.0,5,7.0,8.0,10.0,5,0.5,16,0.375,16,1,0,0,1
436300,2024-05-03 19:00:00+00:00,2023-24,36,Luton Town,Everton,1,1,D,Tim Robinson,3.0,5.0,15.0,5,12.0,6.0,6.0,5,0.23529411764705882,17,0.29411764705882354,17,1,0,0,1
436293,2024-05-04 11:30:00+00:00,2023-24,36,Arsenal,Bournemouth,3,0,H,David Coote,12.0,13.0,4.0,5,7.0,8.0,7.0,5,0.7647058823529411,17,0.35294117647058826,17,1,0,0,1
436294,2024-05-04 14:00:00+00:00,2023-24,36,Brentford,Fulham,0,0,D,Graham Scott,8.0,10.0,5.0,5,4.0,5.0,8.0,5,0.29411764705882354,17,0.17647058823529413,17,1,0,0,1
436296,2024-05-04 14:00:00+00:00,2023-24,36,Burnley,Newcastle,1,4,A,Anthony Taylor,6.0,7.0,5.0,5,10.0,11.0,4.0,5,0.11764705882352941,17,0.25,16,0,0,1,1
436302,2024-05-04 14:00:00+00:00,2023-24,36,Sheffield Utd,Nottingham,1,3,A,Chris Kavanagh,1.0,6.0,17.0,5,4.0,6.0,10.0,5,0.11764705882352941,17,0.11764705882352941,17,0,0,1,1
436301,2024-05-04 16:30:00+00:00,2023-24,36,Man City,Wolverhampton,5,1,H,Craig Pawson,15.0,19.0,4.0,5,4.0,5.0,8.0,5,0.7058823529411765,17,0.29411764705882354,17,0,0,1,1
436295,2024-05-05 13:00:00+00:00,2023-24,36,Brighton Hove,Aston Villa,1,0,H,Robert Jones,2.0,1.0,11.0,5,8.0,11.0,10.0,5,0.4375,16,0.47058823529411764,17,0,0,1,1
436297,2024-05-05 13:00:00+00:00,2023-24,36,Chelsea,West Ham,5,0,H,Bobby Madley,8.0,12.0,9.0,5,5.0,7.0,11.0,5,0.5294117647058824,17,0.4117647058823529,17,0,0,1,1
436299,2024-05-05 15:30:00+00:00,2023-24,36,Liverpool,Tottenham,4,2,H,Paul Tierney,5.0,7.0,8.0,5,4.0,6.0,11.0,5,0.7647058823529411,17,0.35294117647058826,17,0,0,1,1
436298,2024-05-06 19:00:00+00:00,2023-24,36,Crystal Palace,Man United,4,0,H,Jarred Gillett,10.0,11.0,7.0,5,6.0,12.0,11.0,5,0.35294117647058826,17,0.4117647058823529,17,1,0,0,1
436306,2024-05-11 11:30:00+00:00,2023-24,37,Fulham,Man City,0,4,A,Anthony Taylor,5.0,4.0,5.0,5,15.0,20.0,4.0,5,0.5,18,0.7058823529411765,17,0,0,1,1
436303,2024-05-11 14:00:00+00:00,2023-24,37,Bournemouth,Brentford,1,2,A,Matt Donohue,7.0,7.0,8.0,5,8.0,10.0,5.0,5,0.3888888888888889,18,0.2222222222222222,18,0,1,0,1
436305,2024-05-11 14:00:00+00:00,2023-24,37,Everton,Sheffield Utd,1,0,H,Stuart Attwell,10.0,6.0,7.0,5,0.0,5.0,18.0,5,0.3888888888888889,18,0.05555555555555555,18,0,1,0,1
436308,2024-05-11 14:00:00+00:00,2023-24,37,Newcastle,Brighton Hove,1,1,D,Darren England,12.0,14.0,4.0,5,4.0,2.0,11.0,5,0.6666666666666666,18,0.2222222222222222,18,0,0,1,1
436310,2024-05-11 14:00:00+00:00,2023-24,37,Tottenham,Burnley,2,1,H,Jarred Gillett,3.0,7.0,14.0,5,5.0,7.0,8.0,5,0.7058823529411765,17,0.16666666666666666,18,1,0,0,1
436311,2024-05-11 14:00:00+00:00,2023-24,37,West Ham,Luton Town,3,1,H,Michael Oliver,4.0,6.0,15.0,5,4.0,6.0,14.0,5,0.3333333333333333,18,0.1111111111111111,18,1,0,0,1
436312,2024-05-11 14:00:00+00:00,2023-24,37,Wolverhampton,Crystal Palace,1,3,A,Thomas Bramall,4.0,5.0,11.0,5,13.0,13.0,3.0,5,0.4444444444444444,18,0.2222222222222222,18,0,0,1,1
436309,2024-05-11 16:30:00+00:00,2023-24,37,Nottingham,Chelsea,2,3,A,Tony Harrington,4.0,6.0,10.0,5,10.0,15.0,7.0,5,0.2777777777777778,18,0.29411764705882354,17,1,0,0,1
436307,2024-05-12 15:30:00+00:00,2023-24,37,Man United,Arsenal,0,1,A,Paul Tierney,6.0,9.0,11.0,5,12.0,13.0,4.0,5,0.5294117647058824,17,0.6666666666666666,18,0,0,1,1
436304,2024-05-13 19:00:00+00:00,2023-24,37,Aston Villa,Liverpool,3,3,D,Simon Hooper,8.0,10.0,7.0,5,7.0,9.0,8.0,5,0.6666666666666666,18,0.5,18,0,0,1,1
436281,2024-05-14 19:00:00+00:00,2023-24,34,Tottenham,Man City,0,2,A,Chris Kavanagh,3.0,6.0,14.0,5,15.0,20.0,2.0,5,0.7222222222222222,18,0.7222222222222222,18,0,1,0,1
436274,2024-05-15 18:45:00+00:00,2023-24,34,Brighton Hove,Chelsea,1,2,A,Michael Salisbury,5.0,3.0,9.0,5,10.0,12.0,9.0,5,0.47058823529411764,17,0.3333333333333333,18,0,0,1,1
436279,2024-05-15 19:00:00+00:00,2023-24,34,Man United,Newcastle,3,2,H,Robert Jones,5.0,7.0,10.0,5,10.0,14.0,5.0,5,0.5,18,0.29411764705882354,17,0,0,1,1
436313,2024-05-19 15:00:00+00:00,2023-24,38,Arsenal,Everton,2,1,H,Michael Oliver,15.0,14.0,2.0,5,13.0,7.0,1.0,5,0.7777777777777778,18,0.2777777777777778,18,1,0,0,1
436314,2024-05-19 15:00:00+00:00,2023-24,38,Brentford,Newcastle,2,4,A,Simon Hooper,10.0,9.0,3.0,5,7.0,12.0,8.0,5,0.2777777777777778,18,0.2777777777777778,18,0,0,1,1
436315,2024-05-19 15:00:00+00:00,2023-24,38,Brighton Hove,Man United,0,2,A,Craig Pawson,4.0,3.0,10.0,5,7.0,8.0,10.0,5,0.4444444444444444,18,0.3888888888888889,18,1,0,0,1
436316,2024-05-19 15:00:00+00:00,2023-24,38,Burnley,Nottingham,1,2,A,Graham Scott,5.0,8.0,9.0,5,4.0,7.0,10.0,5,0.1111111111111111,18,0.16666666666666666,18,0,1,0,1
436317,2024-05-19 15:00:00+00:00,2023-24,38,Chelsea,Bournemouth,2,1,H,Anthony Taylor,13.0,14.0,5.0,5,6.0,6.0,8.0,5,0.5555555555555556,18,0.3333333333333333,18,0,1,0,1
436318,2024-05-19 15:00:00+00:00,2023-24,38,Crystal Palace,Aston Villa,5,0,H,Darren Bond,13.0,15.0,4.0,5,8.0,10.0,7.0,5,0.3888888888888889,18,0.4444444444444444,18,0,0,1,1
436319,2024-05-19 15:00:00+00:00,2023-24,38,Liverpool,Wolverhampton,2,0,H,Chris Kavanagh,8.0,12.0,10.0,5,3.0,4.0,12.0,5,0.7777777777777778,18,0.2777777777777778,18,1,0,0,1
436320,2024-05-19 15:00:00+00:00,2023-24,38,Luton Town,Fulham,2,4,A,Matt Donohue,1.0,5.0,16.0,5,5.0,4.0,8.0,5,0.2222222222222222,18,0.16666666666666666,18,0,0,1,1
436321,2024-05-19 15:00:00+00:00,2023-24,38,Man City,West Ham,3,1,H,John Brooks,15.0,17.0,1.0,5,4.0,7.0,15.0,5,0.7222222222222222,18,0.3888888888888889,18,1,0,0,1
436322,2024-05-19 15:00:00+00:00,2023-24,38,Sheffield Utd,Tottenham,0,3,A,Bobby Madley,0.0,5.0,17.0,5,3.0,6.0,12.0,5,0.1111111111111111,18,0.3333333333333333,18,0,0,1,1
497410,2024-08-16 19:00:00+00:00,2024-25,1,Man United,Fulham,1,0,H,Robert Jones,7.0,6.0,8.0,5,5.0,6.0,10.0,5,0.5263157894736842,19,0.21052631578947367,19,1,0,1,2
497411,2024-08-17 11:30:00+00:00,2024-25,1,Ipswich Town,Liverpool,0,2,A,Tim Robinson,,,,0,8.0,11.0,9.0,5,,0,0.47368421052631576,19,0,0,0,0
497413,2024-08-17 14:00:00+00:00,2024-25,1,Everton,Brighton Hove,0,3,A,Simon Hooper,10.0,6.0,3.0,5,4.0,3.0,8.0,5,0.42105263157894735,19,0.21052631578947367,19,0,2,0,2
497412,2024-08-17 14:00:00+00:00,2024-25,1,Arsenal,Wolverhampton,2,0,H,Jarred Gillett,15.0,14.0,3.0,5,3.0,4.0,12.0,5,0.7894736842105263,19,0.2631578947368421,19,2,0,0,2
497415,2024-08-17 14:00:00+00:00,2024-25,1,Nottingham,Bournemouth,1,1,D,Michael Oliver,6.0,7.0,9.0,5,6.0,6.0,7.0,5,0.2631578947368421,19,0.3157894736842105,19,0,1,1,2
497414,2024-08-17 14:00:00+00:00,2024-25,1,Newcastle,Southampton,1,0,H,Craig Pawson,10.0,16.0,8.0,5,,,,0,0.631578947368421,19,,0,0,0,0,0
497416,2024-08-17 16:30:00+00:00,2024-25,1,West Ham,Aston Villa,1,2,A,Tony Harrington,4.0,8.0,16.0,5,5.0,8.0,12.0,5,0.3684210526315789,19,0.42105263157894735,19,0,1,1,2
497417,2024-08-18 13:00:00+00:00,2024-25,1,Brentford,Crystal Palace,2,1,H,Sam Barrott,7.0,9.0,7.0,5,13.0,15.0,2.0,5,0.2631578947368421,19,0.2631578947368421,19,0,1,1,2
497418,2024-08-18 15:30:00+00:00,2024-25,1,Chelsea,Man City,0,2,A,Anthony Taylor,15.0,14.0,4.0,5,15.0,16.0,2.0,5,0.5789473684210527,19,0.7368421052631579,19,0,2,0,2
497419,2024-08-19 19:00:00+00:00,2024-25,1,Leicester City,Tottenham,1,1,D,Chris Kavanagh,,,,0,6.0,7.0,9.0,5,,0,0.3684210526315789,19,0,0,0,0
497422,2024-08-24 11:30:00+00:00,2024-25,2,Brighton Hove,Man United,2,1,H,Craig Pawson,7.0,6.0,5.0,5,9.0,6.0,7.0,5,0.42105263157894735,19,0.42105263157894735,19,1,0,1,2
497426,2024-08-24 14:00:00+00:00,2024-25,2,Man City,Ipswich Town,4,1,H,Michael Salisbury,15.0,16.0,2.0,5,0.0,0.0,2.0,1,0.7368421052631579,19,,0,0,0,0,0
497424,2024-08-24 14:00:00+00:00,2024-25,2,Fulham,Leicester City,2,1,H,Darren Bond,5.0,5.0,8.0,5,1.0,1.0,1.0,1,0.47368421052631576,19,,0,0,0,0,0
497428,2024-08-24 14:00:00+00:00,2024-25,2,Tottenham,Everton,4,0,H,Anthony Taylor,7.0,8.0,8.0,5,7.0,4.0,6.0,5,0.6842105263157895,19,0.2631578947368421,19,1,1,0,2
497427,2024-08-24 14:00:00+00:00,2024-25,2,Southampton,Nottingham,0,1,A,Sam Barrott,0.0,0.0,1.0,1,7.0,8.0,8.0,5,,0,0.21052631578947367,19,0,0,0,0
497423,2024-08-24 14:00:00+00:00,2024-25,2,Crystal Palace,West Ham,0,2,A,Robert Jones,10.0,14.0,4.0,5,4.0,7.0,13.0,5,0.42105263157894735,19,0.3684210526315789,19,1,1,0,2
497421,2024-08-24 16:30:00+00:00,2024-25,2,Aston Villa,Arsenal,0,2,A,Michael Oliver,5.0,7.0,12.0,5,15.0,11.0,3.0,5,0.631578947368421,19,0.6842105263157895,19,2,0,0,2
497420,2024-08-25 13:00:00+00:00,2024-25,2,Bournemouth,Newcastle,1,1,D,David Coote,4.0,6.0,8.0,5,10.0,12.0,7.0,5,0.3684210526315789,19,0.3157894736842105,19,1,1,0,2
497429,2024-08-25 13:00:00+00:00,2024-25,2,Wolverhampton,Chelsea,2,6,A,Darren England,3.0,4.0,13.0,5,12.0,12.0,6.0,5,0.42105263157894735,19,0.3684210526315789,19,2,0,0,2
497425,2024-08-25 15:30:00+00:00,2024-25,2,Liverpool,Brentford,2,0,H,Stuart Attwell,11.0,13.0,7.0,5,7.0,6.0,7.0,5,0.7894736842105263,19,0.2631578947368421,19,2,0,0,2
497430,2024-08-31 11:30:00+00:00,2024-25,3,Arsenal,Brighton Hove,1,1,D,Chris Kavanagh,15.0,10.0,1.0,5,7.0,7.0,6.0,5,0.8,20,0.25,20,2,0,0,2
497431,2024-08-31 14:00:00+00:00,2024-25,3,Brentford,Southampton,3,1,H,Joshua Smith,7.0,6.0,8.0,5,0.0,0.0,2.0,2,0.3,20,0.0,1,0,0,0,0
497433,2024-08-31 14:00:00+00:00,2024-25,3,Everton,Bournemouth,2,3,A,Stuart Attwell,4.0,3.0,10.0,5,2.0,4.0,9.0,5,0.4,20,0.3,20,1,0,1,2
497434,2024-08-31 14:00:00+00:00,2024-25,3,Ipswich Town,Fulham,1,1,D,Lewis Smith,0.0,1.0,6.0,2,7.0,6.0,8.0,5,0.0,1,0.2,20,0,0,0,0
497435,2024-08-31 14:00:00+00:00,2024-25,3,Leicester City,Aston Villa,1,2,A,David Coote,1.0,2.0,3.0,2,4.0,5.0,12.0,5,0.0,1,0.45,20,0,0,0,0
497438,2024-08-31 14:00:00+00:00,2024-25,3,Nottingham,Wolverhampton,1,1,D,Simon Hooper,10.0,9.0,6.0,5,0.0,4.0,18.0,5,0.25,20,0.25,20,0,2,0,2
497439,2024-08-31 16:30:00+00:00,2024-25,3,West Ham,Man City,1,3,A,Michael Oliver,6.0,7.0,11.0,5,15.0,15.0,2.0,5,0.35,20,0.75,20,0,0,2,2
497432,2024-09-01 12:30:00+00:00,2024-25,3,Chelsea,Crystal Palace,1,1,D,Jarred Gillett,12.0,13.0,8.0,5,9.0,13.0,5.0,5,0.55,20,0.25,20,2,0,0,2
497437,2024-09-01 12:30:00+00:00,2024-25,3,Newcastle,Tottenham,2,1,H,Robert Jones,8.0,9.0,7.0,5,10.0,10.0,4.0,5,0.65,20,0.35,20,1,0,1,2
497436,2024-09-01 15:00:00+00:00,2024-25,3,Man United,Liverpool,0,3,A,Anthony Taylor,9.0,7.0,5.0,5,13.0,13.0,5.0,5,0.55,20,0.5,20,0,2,0,2
497447,2024-09-14 11:30:00+00:00,2024-25,4,Southampton,Man United,0,3,A,Stuart Attwell,0.0,1.0,5.0,3,9.0,7.0,7.0,5,0.0,1,0.4,20,0,0,0,0
497442,2024-09-14 14:00:00+00:00,2024-25,4,Brighton Hove,Ipswich Town,0,0,D,Sam Barrott,7.0,7.0,6.0,5,1.0,2.0,7.0,3,0.45,20,0.0,1,0,0,0,0
497443,2024-09-14 14:00:00+00:00,2024-25,4,Crystal Palace,Leicester City,2,2,D,Tony Harrington,7.0,10.0,6.0,5,1.0,3.0,5.0,3,0.4,20,0.0,1,0,0,0,0
497444,2024-09-14 14:00:00+00:00,2024-25,4,Fulham,West Ham,1,1,D,Tim Robinson,7.0,7.0,9.0,5,6.0,8.0,9.0,5,0.5,20,0.4,20,2,0,0,2
497445,2024-09-14 14:00:00+00:00,2024-25,4,Liverpool,Nottingham,0,1,A,Michael Oliver,13.0,12.0,3.0,5,8.0,7.0,6.0,5,0.8,20,0.25,20,2,0,0,2
497446,2024-09-14 14:00:00+00:00,2024-25,4,Man City,Brentford,2,1,H,Darren Bond,15.0,14.0,3.0,5,9.0,9.0,9.0,5,0.75,20,0.25,20,2,0,0,2
497441,2024-09-14 16:30:00+00:00,2024-25,4,Aston Villa,Everton,3,2,H,Craig Pawson,7.0,7.0,12.0,5,3.0,4.0,12.0,5,0.6,20,0.25,20,1,1,0,2
497440,2024-09-14 19:00:00+00:00,2024-25,4,Bournemouth,Chelsea,0,1,A,Anthony Taylor,5.0,7.0,8.0,5,10.0,11.0,7.0,5,0.35,20,0.4,20,0,1,1,2
497448,2024-09-15 13:00:00+00:00,2024-25,4,Tottenham,Arsenal,0,1,A,Jarred Gillett,7.0,9.0,5.0,5,13.0,8.0,2.0,5,0.7,20,0.7,20,0,1,1,2
497449,2024-09-15 15:30:00+00:00,2024-25,4,Wolverhampton,Newcastle,1,2,A,Chris Kavanagh,1.0,4.0,14.0,5,10.0,10.0,7.0,5,0.4,20,0.3,20,0,1,1,2
497459,2024-09-21 11:30:00+00:00,2024-25,5,West Ham,Chelsea,0,3,A,Sam Barrott,4.0,6.0,9.0,5,10.0,10.0,6.0,5,0.3333333333333333,21,0.42857142857142855,21,1,0,1,2
497450,2024-09-21 14:00:00+00:00,2024-25,5,Aston Villa,Wolverhampton,3,1,H,Tim Robinson,9.0,7.0,11.0,5,1.0,4.0,13.0,5,0.6190476190476191,21,0.23809523809523808,21,1,1,0,2
497453,2024-09-21 14:00:00+00:00,2024-25,5,Fulham,Newcastle,3,1,H,Peter Bankes,8.0,8.0,6.0,5,13.0,10.0,5.0,5,0.47619047619047616,21,0.3333333333333333,21,0,0,2,2
497454,2024-09-21 14:00:00+00:00,2024-25,5,Leicester City,Everton,1,1,D,Darren England,2.0,5.0,7.0,4,0.0,5.0,15.0,5,0.0,2,0.23809523809523808,21,0,0,0,0
497455,2024-09-21 14:00:00+00:00,2024-25,5,Liverpool,Bournemouth,3,0,H,Tony Harrington,12.0,9.0,1.0,5,5.0,6.0,7.0,5,0.7619047619047619,21,0.3333333333333333,21,2,0,0,2
497457,2024-09-21 14:00:00+00:00,2024-25,5,Southampton,Ipswich Town,1,1,D,Samuel Allison,0.0,1.0,8.0,4,2.0,2.0,7.0,4,0.0,2,0.0,2,0,0,0,0
497458,2024-09-21 14:00:00+00:00,2024-25,5,Tottenham,Brentford,3,1,H,John Brooks,7.0,9.0,4.0,5,6.0,8.0,10.0,5,0.6666666666666666,21,0.23809523809523808,21,1,1,0,2
497452,2024-09-21 16:30:00+00:00,2024-25,5,Crystal Palace,Man United,0,0,D,David Coote,5.0,9.0,7.0,5,9.0,7.0,5.0,5,0.38095238095238093,21,0.42857142857142855,21,2,0,0,2
497451,2024-09-22 13:00:00+00:00,2024-25,5,Brighton Hove,Nottingham,2,2,D,Robert Jones,8.0,6.0,4.0,5,11.0,6.0,3.0,5,0.42857142857142855,21,0.2857142857142857,21,2,0,0,2
497456,2024-09-22 15:30:00+00:00,2024-25,5,Man City,Arsenal,2,2,D,Michael Oliver,15.0,14.0,4.0,5,13.0,8.0,2.0,5,0.7619047619047619,21,0.7142857142857143,21,0,1,1,2
497467,2024-09-28 11:30:00+00:00,2024-25,6,Newcastle,Man City,1,1,D,Jarred Gillett,10.0,7.0,6.0,5,13.0,13.0,5.0,5,0.6666666666666666,21,0.7619047619047619,21,0,0,2,2
497461,2024-09-28 14:00:00+00:00,2024-25,6,Arsenal,Leicester City,4,2,H,Sam Barrott,11.0,8.0,3.0,5,3.0,6.0,8.0,5,0.7619047619047619,21,0.0,2,0,0,0,0
497462,2024-09-28 14:00:00+00:00,2024-25,6,Brentford,West Ham,1,1,D,Simon Hooper,6.0,7.0,9.0,5,4.0,5.0,9.0,5,0.3333333333333333,21,0.38095238095238093,21,1,0,1,2
497463,2024-09-28 14:00:00+00:00,2024-25,6,Chelsea,Brighton Hove,4,2,H,Peter Bankes,10.0,11.0,5.0,5,9.0,8.0,4.0,5,0.5238095238095238,21,0.23809523809523808,21,2,0,0,2
497464,2024-09-28 14:00:00+00:00,2024-25,6,Everton,Crystal Palace,2,1,H,Andy Madley,1.0,5.0,14.0,5,3.0,4.0,7.0,5,0.38095238095238093,21,0.23809523809523808,21,1,1,0,2
497468,2024-09-28 14:00:00+00:00,2024-25,6,Nottingham,Fulham,0,1,A,Joshua Smith,9.0,6.0,4.0,5,8.0,7.0,5.0,5,0.23809523809523808,21,0.19047619047619047,21,1,0,1,2
497469,2024-09-28 16:30:00+00:00,2024-25,6,Wolverhampton,Liverpool,1,2,A,Anthony Taylor,1.0,5.0,14.0,5,12.0,10.0,1.0,5,0.38095238095238093,21,0.5238095238095238,21,0,0,2,2
497465,2024-09-29 13:00:00+00:00,2024-25,6,Ipswich Town,Aston Villa,2,2,D,Stuart Attwell,3.0,3.0,8.0,5,12.0,10.0,7.0,5,0.0,2,0.47619047619047616,21,0,0,0,0
497466,2024-09-29 15:30:00+00:00,2024-25,6,Man United,Tottenham,0,3,A,Chris Kavanagh,7.0,5.0,5.0,5,7.0,9.0,5.0,5,0.5238095238095238,21,0.3333333333333333,21,0,1,1,2
497460,2024-09-30 19:00:00+00:00,2024-25,6,Bournemouth,Southampton,3,1,H,Michael Oliver,5.0,5.0,8.0,5,1.0,2.0,9.0,5,0.3333333333333333,21,0.0,2,0,0,0,0
497475,2024-10-05 11:30:00+00:00,2024-25,7,Crystal Palace,Liverpool,0,1,A,Simon Hooper,3.0,4.0,7.0,5,12.0,10.0,2.0,5,0.36363636363636365,22,0.5454545454545454,22,1,0,1,2
497470,2024-10-05 14:00:00+00:00,2024-25,7,Arsenal,Southampton,3,1,H,Tony Harrington,11.0,10.0,5.0,5,1.0,3.0,11.0,5,0.7727272727272727,22,0.0,3,0,0,0,0
497479,2024-10-05 14:00:00+00:00,2024-25,7,West Ham,Ipswich Town,4,1,H,Anthony Taylor,5.0,5.0,8.0,5,4.0,5.0,8.0,5,0.3181818181818182,22,0.0,3,0,0,0,0
497472,2024-10-05 14:00:00+00:00,2024-25,7,Brentford,Wolverhampton,5,3,H,Andy Madley,4.0,6.0,9.0,5,1.0,6.0,14.0,5,0.3181818181818182,22,0.22727272727272727,22,1,0,1,2
497478,2024-10-05 14:00:00+00:00,2024-25,7,Man City,Fulham,3,2,H,Peter Bankes,11.0,12.0,6.0,5,11.0,8.0,4.0,5,0.7272727272727273,22,0.22727272727272727,22,2,0,0,2
497477,2024-10-05 14:00:00+00:00,2024-25,7,Leicester City,Bournemouth,1,0,H,Darren Bond,2.0,7.0,11.0,5,7.0,7.0,8.0,5,0.0,3,0.3181818181818182,22,0,0,0,0
497476,2024-10-05 16:30:00+00:00,2024-25,7,Everton,Newcastle,0,0,D,Craig Pawson,4.0,7.0,12.0,5,8.0,7.0,7.0,5,0.4090909090909091,22,0.3181818181818182,22,1,1,0,2
497471,2024-10-06 13:00:00+00:00,2024-25,7,Aston Villa,Man United,0,0,D,Robert Jones,10.0,10.0,8.0,5,4.0,4.0,8.0,5,0.6363636363636364,22,0.4090909090909091,22,0,0,2,2
497474,2024-10-06 13:00:00+00:00,2024-25,7,Chelsea,Nottingham,1,1,D,Chris Kavanagh,13.0,15.0,5.0,5,8.0,5.0,4.0,5,0.5454545454545454,22,0.2727272727272727,22,1,0,1,2
497473,2024-10-06 15:30:00+00:00,2024-25,7,Brighton Hove,Tottenham,3,2,H,David Coote,6.0,7.0,8.0,5,9.0,11.0,4.0,5,0.4090909090909091,22,0.36363636363636365,22,1,0,1,2
497488,2024-10-19 11:30:00+00:00,2024-25,8,Tottenham,West Ham,4,1,H,Andy Madley,6.0,9.0,7.0,5,5.0,7.0,9.0,5,0.6818181818181818,22,0.36363636363636365,22,0,1,1,2
497482,2024-10-19 14:00:00+00:00,2024-25,8,Ipswich Town,Everton,0,2,A,Michael Oliver,4.0,5.0,8.0,5,5.0,7.0,8.0,5,0.0,3,0.22727272727272727,22,0,0,0,0
497481,2024-10-19 14:00:00+00:00,2024-25,8,Fulham,Aston Villa,1,3,A,Darren England,8.0,8.0,6.0,5,11.0,10.0,6.0,5,0.5,22,0.45454545454545453,22,0,0,2,2
497484,2024-10-19 14:00:00+00:00,2024-25,8,Man United,Brentford,2,1,H,Sam Barrott,5.0,3.0,6.0,5,7.0,11.0,10.0,5,0.5,22,0.22727272727272727,22,1,1,0,2
497487,2024-10-19 14:00:00+00:00,2024-25,8,Southampton,Leicester City,2,3,A,Anthony Taylor,1.0,4.0,13.0,5,5.0,7.0,9.0,5,0.0,3,0.0,3,0,0,0,0
497485,2024-10-19 14:00:00+00:00,2024-25,8,Newcastle,Brighton Hove,0,1,A,Peter Bankes,8.0,6.0,6.0,5,6.0,8.0,9.0,5,0.6363636363636364,22,0.22727272727272727,22,0,1,1,2
497480,2024-10-19 16:30:00+00:00,2024-25,8,Bournemouth,Arsenal,2,0,H,Robert Jones,6.0,6.0,8.0,5,11.0,11.0,6.0,5,0.36363636363636365,22,0.6818181818181818,22,0,0,2,2
497489,2024-10-20 13:00:00+00:00,2024-25,8,Wolverhampton,Man City,1,2,A,Chris Kavanagh,1.0,7.0,13.0,5,11.0,11.0,7.0,5,0.36363636363636365,22,0.7272727272727273,22,1,0,1,2
497483,2024-10-20 15:30:00+00:00,2024-25,8,Liverpool,Chelsea,2,1,H,John Brooks,12.0,9.0,2.0,5,11.0,10.0,4.0,5,0.7727272727272727,22,0.45454545454545453,22,1,1,0,2
497486,2024-10-21 19:00:00+00:00,2024-25,8,Nottingham,Crystal Palace,1,0,H,Tim Robinson,6.0,5.0,5.0,5,3.0,4.0,6.0,5,0.22727272727272727,22,0.22727272727272727,22,0,2,0,2
497497,2024-10-25 19:00:00+00:00,2024-25,9,Leicester City,Nottingham,1,3,A,Craig Pawson,8.0,9.0,9.0,5,8.0,5.0,4.0,5,0.25,4,0.2608695652173913,23,0,0,0,0
497491,2024-10-26 14:00:00+00:00,2024-25,9,Aston Villa,Bournemouth,1,1,D,Andy Madley,11.0,11.0,6.0,5,6.0,5.0,6.0,5,0.6086956521739131,23,0.30434782608695654,23,1,1,0,2
497492,2024-10-26 14:00:00+00:00,2024-25,9,Brentford,Ipswich Town,4,3,H,Lewis Smith,4.0,9.0,11.0,5,3.0,4.0,9.0,5,0.34782608695652173,23,0.0,4,0,0,0,0
497493,2024-10-26 14:00:00+00:00,2024-25,9,Brighton Hove,Wolverhampton,2,2,D,Michael Oliver,8.0,8.0,8.0,5,0.0,7.0,14.0,5,0.43478260869565216,23,0.21739130434782608,23,1,1,0,2
497498,2024-10-26 14:00:00+00:00,2024-25,9,Man City,Southampton,1,0,H,Tony Harrington,11.0,10.0,7.0,5,1.0,5.0,13.0,5,0.7391304347826086,23,0.0,4,0,0,0,0
497496,2024-10-26 16:30:00+00:00,2024-25,9,Everton,Fulham,1,1,D,John Brooks,8.0,7.0,5.0,5,7.0,8.0,8.0,5,0.391304347826087,23,0.21739130434782608,23,0,1,1,2
497494,2024-10-27 14:00:00+00:00,2024-25,9,Chelsea,Newcastle,2,1,H,Simon Hooper,10.0,10.0,5.0,5,5.0,4.0,6.0,5,0.5217391304347826,23,0.30434782608695654,23,1,0,1,2
497495,2024-10-27 14:00:00+00:00,2024-25,9,Crystal Palace,Tottenham,1,0,H,Darren Bond,2.0,3.0,6.0,5,9.0,12.0,6.0,5,0.34782608695652173,23,0.34782608695652173,23,0,0,2,2
497499,2024-10-27 14:00:00+00:00,2024-25,9,West Ham,Man United,2,1,H,David Coote,5.0,7.0,10.0,5,8.0,5.0,4.0,5,0.34782608695652173,23,0.391304347826087,23,1,0,1,2
497490,2024-10-27 16:30:00+00:00,2024-25,9,Arsenal,Liverpool,2,2,D,Anthony Taylor,10.0,10.0,7.0,5,12.0,8.0,3.0,5,0.782608695652174,23,0.5652173913043478,23,1,1,0,2
497505,2024-11-02 12:30:00+00:00,2024-25,10,Newcastle,Arsenal,1,0,H,John Brooks,2.0,3.0,7.0,5,8.0,11.0,9.0,5,0.6086956521739131,23,0.6521739130434783,23,1,0,1,2
497503,2024-11-02 15:00:00+00:00,2024-25,10,Liverpool,Brighton Hove,2,1,H,Tony Harrington,13.0,10.0,4.0,5,8.0,10.0,10.0,5,0.782608695652174,23,0.2608695652173913,23,1,1,0,2
497500,2024-11-02 15:00:00+00:00,2024-25,10,Bournemouth,Man City,2,1,H,Michael Oliver,7.0,6.0,6.0,5,11.0,9.0,6.0,5,0.391304347826087,23,0.7391304347826086,23,0,0,2,2
497506,2024-11-02 15:00:00+00:00,2024-25,10,Nottingham,West Ham,3,0,H,Peter Bankes,8.0,7.0,5.0,5,7.0,8.0,10.0,5,0.2608695652173913,23,0.34782608695652173,23,1,0,1,2
497507,2024-11-02 15:00:00+00:00,2024-25,10,Southampton,Everton,1,0,H,Andy Madley,1.0,5.0,11.0,5,9.0,6.0,3.0,5,0.0,4,0.2608695652173913,23,0,0,0,0
497502,2024-11-02 15:00:00+00:00,2024-25,10,Ipswich Town,Leicester City,1,1,D,Tim Robinson,2.0,7.0,13.0,5,7.0,8.0,10.0,5,0.0,4,0.25,4,0,0,0,0
497509,2024-11-02 17:30:00+00:00,2024-25,10,Wolverhampton,Crystal Palace,2,2,D,Anthony Taylor,1.0,8.0,14.0,5,4.0,2.0,4.0,5,0.34782608695652173,23,0.21739130434782608,23,0,0,2,2
497508,2024-11-03 14:00:00+00:00,2024-25,10,Tottenham,Aston Villa,4,1,H,Craig Pawson,9.0,12.0,6.0,5,9.0,9.0,5.0,5,0.6956521739130435,23,0.4782608695652174,23,1,0,1,2
497504,2024-11-03 16:30:00+00:00,2024-25,10,Man United,Chelsea,1,1,D,Robert Jones,5.0,3.0,6.0,5,10.0,11.0,6.0,5,0.5217391304347826,23,0.43478260869565216,23,1,0,1,2
497501,2024-11-04 20:00:00+00:00,2024-25,10,Fulham,Brentford,2,1,H,Stuart Attwell,7.0,8.0,8.0,5,7.0,12.0,12.0,5,0.4782608695652174,23,0.21739130434782608,23,0,1,1,2
497513,2024-11-09 15:00:00+00:00,2024-25,11,Crystal Palace,Fulham,0,2,A,Michael Salisbury,4.0,4.0,6.0,5,7.0,7.0,8.0,5,0.375,24,0.20833333333333334,24,0,2,0,2
497510,2024-11-09 15:00:00+00:00,2024-25,11,Brentford,Bournemouth,3,2,H,Darren Bond,7.0,12.0,11.0,5,10.0,8.0,4.0,5,0.375,24,0.2916666666666667,24,1,1,0,2
497519,2024-11-09 15:00:00+00:00,2024-25,11,Wolverhampton,Southampton,2,0,H,Thomas Bramall,2.0,9.0,13.0,5,3.0,5.0,10.0,5,0.3333333333333333,24,0.0,5,0,0,0,0
497518,2024-11-09 15:00:00+00:00,2024-25,11,West Ham,Everton,0,0,D,Stuart Attwell,7.0,8.0,10.0,5,8.0,5.0,3.0,5,0.375,24,0.25,24,1,0,1,2
497511,2024-11-09 17:30:00+00:00,2024-25,11,Brighton Hove,Man City,2,1,H,Sam Barrott,7.0,9.0,10.0,5,10.0,8.0,6.0,5,0.4166666666666667,24,0.7083333333333334,24,0,0,2,2
497514,2024-11-09 20:00:00+00:00,2024-25,11,Liverpool,Aston Villa,2,0,H,David Coote,13.0,9.0,5.0,5,6.0,7.0,8.0,5,0.7916666666666666,24,0.4583333333333333,24,1,1,0,2
497515,2024-11-10 14:00:00+00:00,2024-25,11,Man United,Leicester City,3,0,H,Peter Bankes,5.0,4.0,7.0,5,7.0,8.0,10.0,5,0.5,24,0.2,5,0,0,0,0
497516,2024-11-10 14:00:00+00:00,2024-25,11,Nottingham,Newcastle,1,3,A,Anthony Taylor,10.0,8.0,3.0,5,5.0,3.0,4.0,5,0.2916666666666667,24,0.2916666666666667,24,1,0,1,2
497517,2024-11-10 14:00:00+00:00,2024-25,11,Tottenham,Ipswich Town,1,2,A,Darren England,9.0,13.0,6.0,5,2.0,7.0,13.0,5,0.7083333333333334,24,0.0,5,0,0,0,0
497512,2024-11-10 16:30:00+00:00,2024-25,11,Chelsea,Arsenal,1,1,D,Michael Oliver,8.0,9.0,7.0,5,7.0,9.0,8.0,5,0.5416666666666666,24,0.625,24,0,1,1,2
497526,2024-11-23 12:30:00+00:00,2024-25,12,Leicester City,Chelsea,1,2,A,Andy Madley,7.0,6.0,9.0,5,6.0,6.0,6.0,5,0.2,5,0.4166666666666667,24,0,0,0,0
497520,2024-11-23 15:00:00+00:00,2024-25,12,Bournemouth,Brighton Hove,1,2,A,Stuart Attwell,7.0,7.0,6.0,5,10.0,9.0,7.0,5,0.4166666666666667,24,0.25,24,1,0,1,2
497521,2024-11-23 15:00:00+00:00,2024-25,12,Arsenal,Nottingham,3,0,H,Simon Hooper,5.0,6.0,7.0,5,10.0,9.0,5.0,5,0.75,24,0.2916666666666667,24,2,0,0,2
497522,2024-11-23 15:00:00+00:00,2024-25,12,Aston Villa,Crystal Palace,2,2,D,Tim Robinson,5.0,5.0,8.0,5,4.0,3.0,6.0,5,0.5833333333333334,24,0.20833333333333334,24,1,0,1,2
497523,2024-11-23 15:00:00+00:00,2024-25,12,Everton,Brentford,0,0,D,Chris Kavanagh,6.0,3.0,2.0,5,9.0,14.0,12.0,5,0.375,24,0.20833333333333334,24,2,0,0,2
497524,2024-11-23 15:00:00+00:00,2024-25,12,Fulham,Wolverhampton,1,4,A,Robert Jones,7.0,8.0,8.0,5,5.0,10.0,11.0,5,0.5,24,0.20833333333333334,24,1,0,1,2
497527,2024-11-23 17:30:00+00:00,2024-25,12,Man City,Tottenham,0,4,A,John Brooks,9.0,8.0,7.0,5,6.0,11.0,8.0,5,0.75,24,0.3333333333333333,24,1,1,0,2
497529,2024-11-24 14:00:00+00:00,2024-25,12,Southampton,Liverpool,2,3,A,Sam Barrott,3.0,4.0,9.0,5,13.0,9.0,4.0,5,0.2,5,0.5416666666666666,24,0,0,0,0
497525,2024-11-24 16:30:00+00:00,2024-25,12,Ipswich Town,Man United,1,1,D,Anthony Taylor,4.0,7.0,12.0,5,8.0,7.0,4.0,5,0.0,5,0.375,24,0,0,0,0
497528,2024-11-25 20:00:00+00:00,2024-25,12,Newcastle,West Ham,0,2,A,Craig Pawson,7.0,5.0,4.0,5,7.0,7.0,9.0,5,0.625,24,0.3333333333333333,24,1,1,0,2
497531,2024-11-29 20:00:00+00:00,2024-25,13,Brighton Hove,Southampton,1,1,D,Robert Jones,10.0,8.0,6.0,5,3.0,5.0,9.0,5,0.44,25,0.0,6,0,0,0,0
497530,2024-11-30 15:00:00+00:00,2024-25,13,Brentford,Leicester City,4,1,H,Michael Oliver,7.0,9.0,9.0,5,4.0,6.0,11.0,5,0.4,25,0.16666666666666666,6,0,0,0,0
497533,2024-11-30 15:00:00+00:00,2024-25,13,Crystal Palace,Newcastle,1,1,D,Darren England,5.0,5.0,7.0,5,6.0,5.0,6.0,5,0.36,25,0.32,25,1,0,1,2
497536,2024-11-30 15:00:00+00:00,2024-25,13,Nottingham,Ipswich Town,1,0,H,Tony Harrington,9.0,8.0,7.0,5,5.0,7.0,9.0,5,0.28,25,0.16666666666666666,6,0,0,0,0
497539,2024-11-30 15:00:00+00:00,2024-25,13,Wolverhampton,Bournemouth,2,4,A,Peter Bankes,8.0,11.0,7.0,5,7.0,8.0,7.0,5,0.36,25,0.28,25,1,0,1,2
497538,2024-11-30 17:30:00+00:00,2024-25,13,West Ham,Arsenal,2,5,A,Anthony Taylor,7.0,5.0,8.0,5,5.0,6.0,6.0,5,0.36,25,0.6,25,1,0,1,2
497532,2024-12-01 13:30:00+00:00,2024-25,13,Chelsea,Aston Villa,3,0,H,Stuart Attwell,8.0,7.0,6.0,5,5.0,7.0,10.0,5,0.52,25,0.44,25,0,1,1,2
497535,2024-12-01 13:30:00+00:00,2024-25,13,Man United,Everton,4,0,H,John Brooks,8.0,8.0,5.0,5,6.0,3.0,2.0,5,0.52,25,0.24,25,2,0,0,2
497537,2024-12-01 13:30:00+00:00,2024-25,13,Tottenham,Fulham,1,1,D,Darren Bond,9.0,13.0,5.0,5,7.0,7.0,9.0,5,0.68,25,0.24,25,1,0,1,2
497534,2024-12-01 16:00:00+00:00,2024-25,13,Liverpool,Man City,2,0,H,Chris Kavanagh,13.0,11.0,6.0,5,6.0,5.0,9.0,5,0.8,25,0.68,25,0,2,0,2
497545,2024-12-03 19:30:00+00:00,2024-25,14,Ipswich Town,Crystal Palace,0,1,A,Craig Pawson,5.0,7.0,8.0,5,6.0,6.0,7.0,5,0.0,6,0.2,25,0,0,0,0
497546,2024-12-03 20:15:00+00:00,2024-25,14,Leicester City,West Ham,3,1,H,Joshua Smith,1.0,4.0,13.0,5,7.0,6.0,9.0,5,0.16666666666666666,6,0.36,25,0,0,0,0
497543,2024-12-04 19:30:00+00:00,2024-25,14,Everton,Wolverhampton,4,0,H,Michael Salisbury,3.0,1.0,6.0,5,8.0,12.0,9.0,5,0.36,25,0.24,25,0,0,2,2
497547,2024-12-04 19:30:00+00:00,2024-25,14,Man City,Nottingham,3,0,H,Michael Oliver,3.0,3.0,10.0,5,9.0,8.0,7.0,5,0.72,25,0.28,25,2,0,0,2
497548,2024-12-04 19:30:00+00:00,2024-25,14,Newcastle,Liverpool,3,3,D,Andy Madley,7.0,6.0,6.0,5,13.0,11.0,5.0,5,0.6,25,0.56,25,0,0,2,2
497549,2024-12-04 19:30:00+00:00,2024-25,14,Southampton,Chelsea,1,5,A,Tony Harrington,4.0,4.0,7.0,5,11.0,9.0,4.0,5,0.16666666666666666,6,0.44,25,0,0,0,0
497541,2024-12-04 20:15:00+00:00,2024-25,14,Arsenal,Man United,2,0,H,Sam Barrott,8.0,11.0,6.0,5,8.0,10.0,4.0,5,0.76,25,0.36,25,2,0,0,2
497542,2024-12-04 20:15:00+00:00,2024-25,14,Aston Villa,Brentford,3,1,H,Lewis Smith,2.0,4.0,12.0,5,10.0,12.0,8.0,5,0.56,25,0.2,25,1,1,0,2
497544,2024-12-05 19:30:00+00:00,2024-25,14,Fulham,Brighton Hove,3,1,H,Peter Bankes,8.0,7.0,7.0,5,8.0,8.0,7.0,5,0.48,25,0.28,25,1,1,0,2
497540,2024-12-05 20:15:00+00:00,2024-25,14,Bournemouth,Tottenham,1,0,H,Simon Hooper,7.0,10.0,9.0,5,7.0,10.0,5.0,5,0.4,25,0.36,25,0,0,2,2
497550,2024-12-07 15:00:00+00:00,2024-25,15,Aston Villa,Southampton,1,0,H,Darren Bond,4.0,6.0,12.0,5,4.0,5.0,11.0,5,0.5769230769230769,26,0.0,7,0,0,0,0
497551,2024-12-07 15:00:00+00:00,2024-25,15,Brentford,Newcastle,4,2,H,Tim Robinson,7.0,9.0,8.0,5,8.0,8.0,7.0,5,0.4230769230769231,26,0.3076923076923077,26,0,0,2,2
497552,2024-12-07 15:00:00+00:00,2024-25,15,Crystal Palace,Man City,2,2,D,Robert Jones,6.0,6.0,7.0,5,3.0,5.0,10.0,5,0.34615384615384615,26,0.6538461538461539,26,0,1,1,2
497557,2024-12-07 17:30:00+00:00,2024-25,15,Man United,Nottingham,2,3,A,Darren England,8.0,9.0,4.0,5,6.0,5.0,9.0,5,0.5384615384615384,26,0.2692307692307692,26,1,0,1,2
497554,2024-12-08 14:00:00+00:00,2024-25,15,Fulham,Arsenal,1,1,D,Chris Kavanagh,10.0,9.0,7.0,5,10.0,11.0,4.0,5,0.5,26,0.6153846153846154,26,1,1,0,2
497555,2024-12-08 14:00:00+00:00,2024-25,15,Ipswich Town,Bournemouth,1,2,A,Michael Salisbury,5.0,4.0,5.0,5,9.0,10.0,8.0,5,0.0,7,0.3076923076923077,26,0,0,0,0
497556,2024-12-08 14:00:00+00:00,2024-25,15,Leicester City,Brighton Hove,2,2,D,Stuart Attwell,4.0,6.0,11.0,5,7.0,7.0,8.0,5,0.2857142857142857,7,0.2692307692307692,26,0,0,0,0
497558,2024-12-08 16:30:00+00:00,2024-25,15,Tottenham,Chelsea,3,4,A,Anthony Taylor,7.0,10.0,5.0,5,11.0,12.0,4.0,5,0.6538461538461539,26,0.46153846153846156,26,0,0,2,2
497559,2024-12-09 20:00:00+00:00,2024-25,15,West Ham,Wolverhampton,2,1,H,John Brooks,4.0,5.0,11.0,5,7.0,10.0,11.0,5,0.34615384615384615,26,0.23076923076923078,26,2,0,0,2
497561,2024-12-14 15:00:00+00:00,2024-25,16,Arsenal,Everton,0,0,D,Craig Pawson,11.0,12.0,4.0,5,5.0,4.0,5.0,5,0.7692307692307693,26,0.23076923076923078,26,2,0,0,2
497564,2024-12-14 15:00:00+00:00,2024-25,16,Liverpool,Fulham,2,2,D,Tony Harrington,13.0,12.0,6.0,5,8.0,8.0,7.0,5,0.8076923076923077,26,0.23076923076923078,26,2,0,0,2
497566,2024-12-14 15:00:00+00:00,2024-25,16,Newcastle,Leicester City,4,0,H,Thomas Bramall,5.0,9.0,11.0,5,4.0,7.0,12.0,5,0.5769230769230769,26,0.14285714285714285,7,0,0,0,0
497569,2024-12-14 15:00:00+00:00,2024-25,16,Wolverhampton,Ipswich Town,1,2,A,Simon Hooper,6.0,9.0,11.0,5,4.0,4.0,6.0,5,0.34615384615384615,26,0.14285714285714285,7,0,0,0,0
497567,2024-12-14 17:30:00+00:00,2024-25,16,Nottingham,Aston Villa,2,1,H,Sam Barrott,6.0,5.0,11.0,5,7.0,6.0,8.0,5,0.3076923076923077,26,0.4230769230769231,26,1,0,1,2
497562,2024-12-15 14:00:00+00:00,2024-25,16,Brighton Hove,Crystal Palace,1,3,A,Michael Oliver,8.0,8.0,8.0,5,6.0,6.0,7.0,5,0.4230769230769231,26,0.23076923076923078,26,1,1,0,2
497565,2024-12-15 16:30:00+00:00,2024-25,16,Man City,Man United,1,2,A,Anthony Taylor,4.0,6.0,10.0,5,7.0,10.0,6.0,5,0.7307692307692307,26,0.34615384615384615,26,2,0,0,2
497563,2024-12-15 19:00:00+00:00,2024-25,16,Chelsea,Brentford,2,1,H,Peter Bankes,13.0,15.0,6.0,5,10.0,12.0,8.0,5,0.5384615384615384,26,0.19230769230769232,26,0,1,1,2
497568,2024-12-15 19:00:00+00:00,2024-25,16,Southampton,Tottenham,0,5,A,Darren England,1.0,4.0,12.0,5,4.0,9.0,8.0,5,0.14285714285714285,7,0.34615384615384615,26,0,0,0,0
497560,2024-12-16 20:00:00+00:00,2024-25,16,Bournemouth,West Ham,1,1,D,Chris Kavanagh,9.0,10.0,8.0,5,7.0,7.0,9.0,5,0.4230769230769231,26,0.34615384615384615,26,0,2,0,2
497570,2024-12-21 12:30:00+00:00,2024-25,17,Aston Villa,Man City,2,1,H,Peter Bankes,7.0,7.0,8.0,5,4.0,6.0,10.0,5,0.5925925925925926,27,0.6296296296296297,27,1,0,1,2
497579,2024-12-21 15:00:00+00:00,2024-25,17,West Ham,Brighton Hove,1,1,D,Robert Jones,7.0,8.0,10.0,5,5.0,7.0,10.0,5,0.37037037037037035,27,0.25925925925925924,27,1,1,0,2
497571,2024-12-21 15:00:00+00:00,2024-25,17,Brentford,Nottingham,0,2,A,Michael Oliver,7.0,10.0,8.0,5,9.0,6.0,9.0,5,0.4444444444444444,27,0.2962962962962963,27,1,1,0,2
497575,2024-12-21 15:00:00+00:00,2024-25,17,Ipswich Town,Newcastle,0,4,A,Stuart Attwell,4.0,4.0,6.0,5,5.0,10.0,10.0,5,0.0,8,0.2962962962962963,27,0,0,0,0
497572,2024-12-21 17:30:00+00:00,2024-25,17,Crystal Palace,Arsenal,1,5,A,Simon Hooper,9.0,9.0,6.0,5,11.0,11.0,3.0,5,0.3333333333333333,27,0.5925925925925926,27,0,0,2,2
497573,2024-12-22 14:00:00+00:00,2024-25,17,Everton,Chelsea,0,0,D,Chris Kavanagh,6.0,4.0,4.0,5,15.0,16.0,6.0,5,0.38461538461538464,26,0.48148148148148145,27,1,0,1,2
497574,2024-12-22 14:00:00+00:00,2024-25,17,Fulham,Southampton,0,0,D,Tim Robinson,6.0,8.0,9.0,5,1.0,4.0,15.0,5,0.48148148148148145,27,0.0,8,0,0,0,0
497576,2024-12-22 14:00:00+00:00,2024-25,17,Leicester City,Wolverhampton,0,3,A,Anthony Taylor,4.0,7.0,13.0,5,3.0,8.0,13.0,5,0.25,8,0.2222222222222222,27,0,0,0,0
497577,2024-12-22 14:00:00+00:00,2024-25,17,Man United,Bournemouth,0,3,A,Craig Pawson,7.0,9.0,7.0,5,10.0,9.0,6.0,5,0.5185185185185185,27,0.3333333333333333,27,0,1,1,2
497578,2024-12-22 16:30:00+00:00,2024-25,17,Tottenham,Liverpool,3,6,A,Sam Barrott,7.0,13.0,6.0,5,11.0,12.0,7.0,5,0.6296296296296297,27,0.5384615384615384,26,1,0,1,2
497585,2024-12-26 12:30:00+00:00,2024-25,18,Man City,Everton,1,1,D,Simon Hooper,4.0,7.0,8.0,5,6.0,4.0,4.0,5,0.7037037037037037,27,0.2222222222222222,27,2,0,0,2
497586,2024-12-26 15:00:00+00:00,2024-25,18,Newcastle,Aston Villa,3,0,H,Anthony Taylor,8.0,14.0,8.0,5,9.0,7.0,7.0,5,0.5925925925925926,27,0.4074074074074074,27,2,0,0,2
497580,2024-12-26 15:00:00+00:00,2024-25,18,Bournemouth,Crystal Palace,0,0,D,Thomas Bramall,13.0,11.0,4.0,5,8.0,8.0,9.0,5,0.4074074074074074,27,0.25925925925925924,27,2,0,0,2
497587,2024-12-26 15:00:00+00:00,2024-25,18,Nottingham,Tottenham,1,0,H,Craig Pawson,12.0,8.0,6.0,5,4.0,12.0,12.0,5,0.3333333333333333,27,0.37037037037037035,27,0,0,2,2
497588,2024-12-26 15:00:00+00:00,2024-25,18,Southampton,West Ham,0,1,A,Lewis Smith,2.0,2.0,12.0,5,5.0,7.0,11.0,5,0.125,8,0.3333333333333333,27,0,0,0,0
497583,2024-12-26 15:00:00+00:00,2024-25,18,Chelsea,Fulham,1,2,A,Sam Barrott,13.0,14.0,5.0,5,7.0,7.0,5.0,5,0.5555555555555556,27,0.2222222222222222,27,2,0,0,2
497589,2024-12-26 17:30:00+00:00,2024-25,18,Wolverhampton,Man United,2,0,H,Tony Harrington,3.0,7.0,12.0,5,6.0,8.0,9.0,5,0.3333333333333333,27,0.37037037037037035,27,0,0,2,2
497584,2024-12-26 20:00:00+00:00,2024-25,18,Liverpool,Leicester City,3,1,H,Darren Bond,11.0,16.0,10.0,5,4.0,6.0,14.0,5,0.7777777777777778,27,0.125,8,0,0,0,0
497582,2024-12-27 19:30:00+00:00,2024-25,18,Brighton Hove,Brentford,0,0,D,Andy Madley,3.0,6.0,10.0,5,6.0,10.0,10.0,5,0.4074074074074074,27,0.18518518518518517,27,1,1,0,2
497581,2024-12-27 20:15:00+00:00,2024-25,18,Arsenal,Ipswich Town,1,0,H,Darren England,11.0,13.0,4.0,5,3.0,3.0,9.0,5,0.7407407407407407,27,0.25,8,0,0,0,0
497596,2024-12-29 14:30:00+00:00,2024-25,19,Leicester City,Man City,0,2,A,Michael Oliver,4.0,6.0,13.0,5,5.0,8.0,7.0,5,0.2222222222222222,9,0.6071428571428571,28,0,0,0,0
497592,2024-12-29 15:00:00+00:00,2024-25,19,Crystal Palace,Southampton,2,1,H,Michael Salisbury,8.0,7.0,8.0,5,1.0,1.0,12.0,5,0.32142857142857145,28,0.0,9,0,0,0,0
497593,2024-12-29 15:00:00+00:00,2024-25,19,Everton,Nottingham,0,2,A,Tony Harrington,6.0,5.0,5.0,5,12.0,8.0,6.0,5,0.37037037037037035,27,0.32142857142857145,28,2,0,0,2
497594,2024-12-29 15:00:00+00:00,2024-25,19,Fulham,Bournemouth,2,2,D,Robert Jones,9.0,8.0,5.0,5,11.0,7.0,2.0,5,0.4642857142857143,28,0.35714285714285715,28,1,0,1,2
497598,2024-12-29 15:00:00+00:00,2024-25,19,Tottenham,Wolverhampton,2,2,D,Chris Kavanagh,3.0,11.0,12.0,5,6.0,7.0,8.0,5,0.6071428571428571,28,0.25,28,0,0,2,2
497599,2024-12-29 17:15:00+00:00,2024-25,19,West Ham,Liverpool,0,5,A,Anthony Taylor,8.0,6.0,6.0,5,11.0,16.0,9.0,5,0.35714285714285715,28,0.5555555555555556,27,0,1,1,2
497590,2024-12-30 19:45:00+00:00,2024-25,19,Aston Villa,Brighton Hove,2,2,D,Craig Pawson,9.0,7.0,7.0,5,3.0,5.0,9.0,5,0.6071428571428571,28,0.25,28,1,0,1,2
497595,2024-12-30 19:45:00+00:00,2024-25,19,Ipswich Town,Chelsea,2,0,H,John Brooks,3.0,3.0,9.0,5,10.0,12.0,7.0,5,0.0,9,0.4642857142857143,28,0,0,0,0
497597,2024-12-30 20:00:00+00:00,2024-25,19,Man United,Newcastle,0,2,A,Simon Hooper,3.0,4.0,11.0,5,10.0,16.0,7.0,5,0.5,28,0.32142857142857145,28,1,0,1,2
497591,2025-01-01 17:30:00+00:00,2024-25,19,Brentford,Arsenal,1,3,A,Peter Bankes,4.0,6.0,9.0,5,11.0,9.0,2.0,5,0.42857142857142855,28,0.6071428571428571,28,0,0,2,2
497607,2025-01-04 12:30:00+00:00,2024-25,20,Tottenham,Newcastle,1,2,A,Andy Madley,4.0,13.0,13.0,5,12.0,15.0,4.0,5,0.5862068965517241,29,0.3448275862068966,29,1,0,2,3
497601,2025-01-04 15:00:00+00:00,2024-25,20,Southampton,Brentford,0,5,A,Stuart Attwell,1.0,1.0,9.0,5,4.0,6.0,9.0,5,0.1111111111111111,9,0.17857142857142858,28,0,0,1,1
497602,2025-01-04 15:00:00+00:00,2024-25,20,Crystal Palace,Chelsea,1,1,D,Tim Robinson,8.0,8.0,9.0,5,7.0,7.0,8.0,5,0.3448275862068966,29,0.4482758620689655,29,0,1,2,3
497603,2025-01-04 15:00:00+00:00,2024-25,20,Bournemouth,Everton,1,0,H,John Brooks,9.0,8.0,4.0,5,6.0,5.0,3.0,5,0.39285714285714285,28,0.21428571428571427,28,2,0,1,3
497605,2025-01-04 15:00:00+00:00,2024-25,20,Aston Villa,Leicester City,2,1,H,Jarred Gillett,7.0,6.0,8.0,5,1.0,3.0,14.0,5,0.5862068965517241,29,0.1111111111111111,9,1,0,0,1
497609,2025-01-04 15:00:00+00:00,2024-25,20,Man City,West Ham,4,1,H,Michael Salisbury,5.0,7.0,7.0,5,8.0,5.0,8.0,5,0.6785714285714286,28,0.35714285714285715,28,3,0,0,3
497600,2025-01-04 17:30:00+00:00,2024-25,20,Brighton Hove,Arsenal,1,1,D,Anthony Taylor,4.0,6.0,8.0,5,11.0,10.0,3.0,5,0.39285714285714285,28,0.6206896551724138,29,0,1,2,3
497604,2025-01-05 14:00:00+00:00,2024-25,20,Fulham,Ipswich Town,2,2,D,Darren Bond,7.0,7.0,6.0,5,6.0,5.0,8.0,5,0.4482758620689655,29,0.2222222222222222,9,0,1,0,1
497606,2025-01-05 16:30:00+00:00,2024-25,20,Liverpool,Man United,2,2,D,Michael Oliver,11.0,19.0,9.0,5,3.0,4.0,11.0,5,0.7857142857142857,28,0.35714285714285715,28,1,2,0,3
497608,2025-01-06 20:00:00+00:00,2024-25,20,Wolverhampton,Nottingham,0,3,A,Peter Bankes,7.0,9.0,6.0,5,15.0,10.0,3.0,5,0.35714285714285715,28,0.3448275862068966,29,0,3,0,3
497613,2025-01-14 19:30:00+00:00,2024-25,21,West Ham,Fulham,3,2,H,Craig Pawson,5.0,4.0,11.0,5,7.0,8.0,7.0,5,0.3448275862068966,29,0.25,28,0,1,2,3
497615,2025-01-14 19:30:00+00:00,2024-25,21,Brentford,Man City,2,2,D,Anthony Taylor,4.0,7.0,7.0,5,7.0,9.0,6.0,5,0.41379310344827586,29,0.6206896551724138,29,0,0,3,3
497617,2025-01-14 19:30:00+00:00,2024-25,21,Chelsea,Bournemouth,2,2,D,Robert Jones,5.0,4.0,6.0,5,9.0,7.0,3.0,5,0.5357142857142857,28,0.3448275862068966,29,2,1,0,3
497614,2025-01-14 20:00:00+00:00,2024-25,21,Nottingham,Liverpool,1,1,D,Chris Kavanagh,15.0,10.0,1.0,5,11.0,18.0,8.0,5,0.35714285714285715,28,0.5714285714285714,28,1,0,2,3
497610,2025-01-15 19:30:00+00:00,2024-25,21,Everton,Aston Villa,0,1,A,Sam Barrott,3.0,1.0,4.0,5,7.0,7.0,9.0,5,0.35714285714285715,28,0.39285714285714285,28,0,1,2,3
497612,2025-01-15 19:30:00+00:00,2024-25,21,Leicester City,Crystal Palace,0,2,A,Andy Madley,0.0,2.0,14.0,5,8.0,7.0,8.0,5,0.2,10,0.25,28,0,1,0,1
497619,2025-01-15 19:30:00+00:00,2024-25,21,Newcastle,Wolverhampton,3,0,H,Darren England,15.0,15.0,1.0,5,7.0,8.0,7.0,5,0.6071428571428571,28,0.2413793103448276,29,2,1,0,3
497616,2025-01-15 20:00:00+00:00,2024-25,21,Arsenal,Tottenham,2,1,H,Simon Hooper,11.0,10.0,3.0,5,4.0,11.0,11.0,5,0.75,28,0.35714285714285715,28,2,1,0,3
497611,2025-01-16 19:30:00+00:00,2024-25,21,Ipswich Town,Brighton Hove,0,2,A,Tony Harrington,7.0,6.0,8.0,5,4.0,5.0,7.0,5,0.1,10,0.2413793103448276,29,0,1,0,1
497618,2025-01-16 20:00:00+00:00,2024-25,21,Man United,Southampton,3,1,H,John Brooks,4.0,4.0,10.0,5,1.0,1.0,13.0,5,0.4827586206896552,29,0.0,10,1,0,0,1
497620,2025-01-18 12:30:00+00:00,2024-25,22,Newcastle,Bournemouth,1,4,A,Stuart Attwell,15.0,14.0,1.0,5,9.0,8.0,4.0,5,0.6206896551724138,29,0.3333333333333333,30,0,2,1,3
497623,2025-01-18 15:00:00+00:00,2024-25,22,West Ham,Crystal Palace,0,2,A,Thomas Bramall,7.0,6.0,12.0,5,8.0,6.0,7.0,5,0.36666666666666664,30,0.27586206896551724,29,1,1,1,3
497624,2025-01-18 15:00:00+00:00,2024-25,22,Leicester City,Fulham,0,2,A,Michael Salisbury,0.0,2.0,12.0,5,6.0,8.0,8.0,5,0.18181818181818182,11,0.2413793103448276,29,0,0,1,1
497625,2025-01-18 15:00:00+00:00,2024-25,22,Brentford,Liverpool,0,2,A,Andy Madley,5.0,8.0,7.0,5,11.0,17.0,7.0,5,0.4,30,0.5517241379310345,29,0,0,3,3
497621,2025-01-18 17:30:00+00:00,2024-25,22,Arsenal,Aston Villa,2,2,D,Chris Kavanagh,13.0,12.0,4.0,5,10.0,7.0,7.0,5,0.7586206896551724,29,0.41379310344827586,29,1,0,2,3
497622,2025-01-19 14:00:00+00:00,2024-25,22,Man United,Brighton Hove,1,3,A,Peter Bankes,4.0,5.0,10.0,5,7.0,6.0,4.0,5,0.5,30,0.26666666666666666,30,1,0,2,3
497627,2025-01-19 14:00:00+00:00,2024-25,22,Nottingham,Southampton,3,2,H,Anthony Taylor,13.0,9.0,1.0,5,1.0,2.0,11.0,5,0.3448275862068966,29,0.0,11,1,0,0,1
497628,2025-01-19 14:00:00+00:00,2024-25,22,Everton,Tottenham,3,2,H,Darren England,2.0,1.0,5.0,5,1.0,7.0,13.0,5,0.3448275862068966,29,0.3448275862068966,29,0,1,2,3
497626,2025-01-19 16:30:00+00:00,2024-25,22,Ipswich Town,Man City,0,6,A,Sam Barrott,4.0,4.0,9.0,5,8.0,10.0,6.0,5,0.09090909090909091,11,0.6,30,0,0,1,1
497629,2025-01-20 20:00:00+00:00,2024-25,22,Chelsea,Wolverhampton,3,1,H,Simon Hooper,3.0,4.0,7.0,5,7.0,7.0,8.0,5,0.5172413793103449,29,0.23333333333333334,30,1,0,2,3
497631,2025-01-25 15:00:00+00:00,2024-25,23,Liverpool,Ipswich Town,4,1,H,Michael Salisbury,11.0,13.0,4.0,5,4.0,4.0,11.0,5,0.7586206896551724,29,0.2,10,1,0,0,1
497632,2025-01-25 15:00:00+00:00,2024-25,23,Wolverhampton,Arsenal,0,1,A,Michael Oliver,4.0,5.0,11.0,5,11.0,9.0,5.0,5,0.3448275862068966,29,0.6,30,0,0,3,3
497633,2025-01-25 15:00:00+00:00,2024-25,23,Brighton Hove,Everton,0,1,A,Tim Robinson,9.0,8.0,4.0,5,4.0,4.0,7.0,5,0.3793103448275862,29,0.20689655172413793,29,1,2,0,3
497634,2025-01-25 15:00:00+00:00,2024-25,23,Southampton,Newcastle,1,3,A,Sam Barrott,0.0,4.0,14.0,5,12.0,11.0,5.0,5,0.1,10,0.36666666666666664,30,0,0,1,1
497635,2025-01-25 15:00:00+00:00,2024-25,23,Bournemouth,Nottingham,5,0,H,Craig Pawson,9.0,9.0,5.0,5,13.0,10.0,3.0,5,0.41379310344827586,29,0.36666666666666664,30,1,2,0,3
497638,2025-01-25 17:30:00+00:00,2024-25,23,Man City,Chelsea,3,1,H,John Brooks,11.0,15.0,4.0,5,5.0,7.0,8.0,5,0.6896551724137931,29,0.43333333333333335,30,1,2,0,3
497637,2025-01-26 14:00:00+00:00,2024-25,23,Crystal Palace,Brentford,1,2,A,Tony Harrington,11.0,7.0,2.0,5,5.0,8.0,7.0,5,0.3333333333333333,30,0.20689655172413793,29,1,1,1,3
497639,2025-01-26 14:00:00+00:00,2024-25,23,Tottenham,Leicester City,1,2,A,Robert Jones,1.0,6.0,10.0,5,0.0,2.0,11.0,5,0.5666666666666667,30,0.1,10,0,1,0,1
497636,2025-01-26 16:30:00+00:00,2024-25,23,Aston Villa,West Ham,1,1,D,Peter Bankes,8.0,7.0,8.0,5,6.0,5.0,13.0,5,0.6,30,0.3448275862068966,29,2,1,0,3
497630,2025-01-26 19:00:00+00:00,2024-25,23,Fulham,Man United,0,1,A,Anthony Taylor,8.0,10.0,8.0,5,4.0,6.0,10.0,5,0.43333333333333335,30,0.3448275862068966,29,1,0,2,3
497641,2025-02-01 12:30:00+00:00,2024-25,24,Nottingham,Brighton Hove,7,0,H,Simon Hooper,10.0,9.0,8.0,5,8.0,8.0,5.0,5,0.36666666666666664,30,0.2903225806451613,31,0,1,2,3
497643,2025-02-01 15:00:00+00:00,2024-25,24,Newcastle,Fulham,1,2,A,Chris Kavanagh,12.0,11.0,6.0,5,5.0,8.0,8.0,5,0.6,30,0.26666666666666666,30,2,0,1,3
497644,2025-02-01 15:00:00+00:00,2024-25,24,Everton,Leicester City,4,0,H,Darren Bond,6.0,4.0,6.0,5,3.0,3.0,9.0,5,0.36666666666666664,30,0.18181818181818182,11,0,1,0,1
497645,2025-02-01 15:00:00+00:00,2024-25,24,Bournemouth,Liverpool,0,2,A,Darren England,11.0,14.0,5.0,5,11.0,14.0,4.0,5,0.43333333333333335,30,0.5666666666666667,30,0,0,3,3
497647,2025-02-01 15:00:00+00:00,2024-25,24,Ipswich Town,Southampton,1,2,A,Michael Oliver,4.0,5.0,14.0,5,0.0,5.0,16.0,5,0.08333333333333333,12,0.0,12,0,1,0,1
497640,2025-02-01 17:30:00+00:00,2024-25,24,Wolverhampton,Aston Villa,2,0,H,Andy Madley,1.0,3.0,12.0,5,9.0,8.0,6.0,5,0.3333333333333333,30,0.4,30,0,1,2,3
497642,2025-02-02 14:00:00+00:00,2024-25,24,Man United,Crystal Palace,0,2,A,John Brooks,7.0,7.0,8.0,5,10.0,8.0,4.0,5,0.4838709677419355,31,0.3,30,0,1,2,3
497648,2025-02-02 14:00:00+00:00,2024-25,24,Brentford,Tottenham,0,2,A,Jarred Gillett,7.0,10.0,8.0,5,1.0,7.0,11.0,5,0.3870967741935484,31,0.3333333333333333,30,0,1,2,3
497646,2025-02-02 16:30:00+00:00,2024-25,24,Arsenal,Man City,5,1,H,Peter Bankes,11.0,9.0,5.0,5,13.0,17.0,4.0,5,0.7333333333333333,30,0.6129032258064516,31,1,2,0,3
497649,2025-02-03 20:00:00+00:00,2024-25,24,Chelsea,West Ham,2,1,H,Stuart Attwell,5.0,7.0,9.0,5,4.0,5.0,14.0,5,0.5333333333333333,30,0.3333333333333333,30,2,0,1,3
497553,2025-02-12 19:30:00+00:00,2024-25,15,Everton,Liverpool,2,2,D,Michael Oliver,9.0,8.0,4.0,5,11.0,11.0,4.0,5,0.3870967741935484,31,0.5806451612903226,31,1,0,1,2
497653,2025-02-14 20:00:00+00:00,2024-25,25,Brighton Hove,Chelsea,3,0,H,Chris Kavanagh,7.0,6.0,10.0,5,8.0,9.0,8.0,5,0.36666666666666664,30,0.41935483870967744,31,0,0,3,3
497651,2025-02-15 12:30:00+00:00,2024-25,25,Leicester City,Arsenal,0,2,A,Sam Barrott,3.0,3.0,11.0,5,11.0,11.0,5.0,5,0.16666666666666666,12,0.6129032258064516,31,0,0,1,1
497650,2025-02-15 15:00:00+00:00,2024-25,25,Southampton,Bournemouth,1,3,A,Jarred Gillett,3.0,6.0,15.0,5,10.0,12.0,5.0,5,0.09090909090909091,11,0.3548387096774194,31,0,0,1,1
497652,2025-02-15 15:00:00+00:00,2024-25,25,West Ham,Brentford,0,1,A,Darren England,4.0,6.0,11.0,5,7.0,9.0,7.0,5,0.3548387096774194,31,0.23333333333333334,30,1,1,1,3
497655,2025-02-15 15:00:00+00:00,2024-25,25,Aston Villa,Ipswich Town,1,1,D,Robert Jones,8.0,6.0,6.0,5,1.0,4.0,16.0,5,0.5806451612903226,31,0.18181818181818182,11,0,1,0,1
497657,2025-02-15 15:00:00+00:00,2024-25,25,Man City,Newcastle,4,0,H,Andy Madley,10.0,16.0,9.0,5,9.0,10.0,8.0,5,0.7,30,0.3870967741935484,31,2,1,0,3
497658,2025-02-15 15:00:00+00:00,2024-25,25,Fulham,Nottingham,2,1,H,Thomas Bramall,7.0,8.0,7.0,5,10.0,14.0,8.0,5,0.41935483870967744,31,0.3548387096774194,31,2,0,1,3
497654,2025-02-15 17:30:00+00:00,2024-25,25,Crystal Palace,Everton,1,2,A,Anthony Taylor,10.0,8.0,3.0,5,10.0,10.0,5.0,5,0.3225806451612903,31,0.23333333333333334,30,0,1,2,3
497659,2025-02-16 14:00:00+00:00,2024-25,25,Liverpool,Wolverhampton,2,1,H,Simon Hooper,11.0,11.0,4.0,5,3.0,3.0,10.0,5,0.7666666666666667,30,0.22580645161290322,31,3,0,0,3
497656,2025-02-16 16:30:00+00:00,2024-25,25,Tottenham,Man United,1,0,H,Peter Bankes,3.0,7.0,9.0,5,7.0,7.0,8.0,5,0.5483870967741935,31,0.36666666666666664,30,2,1,0,3
497692,2025-02-19 19:30:00+00:00,2024-25,29,Aston Villa,Liverpool,2,2,D,Craig Pawson,6.0,5.0,6.0,5,13.0,12.0,4.0,5,0.5625,32,0.5625,32,0,1,2,3
497660,2025-02-21 20:00:00+00:00,2024-25,26,Leicester City,Brentford,0,4,A,Tony Harrington,3.0,2.0,11.0,5,7.0,5.0,7.0,5,0.15384615384615385,13,0.25806451612903225,31,0,0,1,1
497665,2025-02-22 12:30:00+00:00,2024-25,26,Everton,Man United,2,2,D,Andy Madley,13.0,12.0,5.0,5,6.0,5.0,7.0,5,0.375,32,0.3548387096774194,31,0,0,3,3
497666,2025-02-22 15:00:00+00:00,2024-25,26,Ipswich Town,Tottenham,1,4,A,Tim Robinson,1.0,3.0,15.0,5,6.0,7.0,7.0,5,0.07692307692307693,13,0.3548387096774194,31,1,0,0,1
497667,2025-02-22 15:00:00+00:00,2024-25,26,Fulham,Crystal Palace,0,2,A,Robert Jones,9.0,8.0,6.0,5,9.0,8.0,4.0,5,0.4375,32,0.3225806451612903,31,1,2,0,3
497668,2025-02-22 15:00:00+00:00,2024-25,26,Arsenal,West Ham,0,1,A,Craig Pawson,13.0,12.0,4.0,5,4.0,5.0,8.0,5,0.7419354838709677,31,0.3225806451612903,31,2,0,1,3
497669,2025-02-22 15:00:00+00:00,2024-25,26,Bournemouth,Wolverhampton,0,1,A,Michael Salisbury,10.0,14.0,6.0,5,3.0,4.0,9.0,5,0.41935483870967744,31,0.21875,32,2,0,1,3
497661,2025-02-22 15:00:00+00:00,2024-25,26,Southampton,Brighton Hove,0,4,A,Darren Bond,3.0,7.0,13.0,5,9.0,8.0,9.0,5,0.08333333333333333,12,0.28125,32,0,1,0,1
497662,2025-02-22 17:30:00+00:00,2024-25,26,Aston Villa,Chelsea,2,1,H,Michael Oliver,4.0,6.0,8.0,5,7.0,8.0,10.0,5,0.5454545454545454,33,0.40625,32,1,1,1,3
497663,2025-02-23 14:00:00+00:00,2024-25,26,Newcastle,Nottingham,4,3,H,Jarred Gillett,6.0,8.0,11.0,5,7.0,12.0,10.0,5,0.5806451612903226,31,0.34375,32,2,0,1,3
497664,2025-02-23 16:30:00+00:00,2024-25,26,Man City,Liverpool,0,2,A,Anthony Taylor,10.0,16.0,8.0,5,11.0,12.0,6.0,5,0.7096774193548387,31,0.5454545454545454,33,0,2,1,3
497670,2025-02-25 19:30:00+00:00,2024-25,27,Brighton Hove,Bournemouth,2,1,H,Michael Oliver,9.0,10.0,9.0,5,9.0,12.0,5.0,5,0.3870967741935484,31,0.375,32,2,0,1,3
497672,2025-02-25 19:30:00+00:00,2024-25,27,Crystal Palace,Aston Villa,4,1,H,Sam Barrott,9.0,8.0,4.0,5,6.0,6.0,7.0,5,0.3125,32,0.3870967741935484,31,1,1,1,3
497674,2025-02-25 19:30:00+00:00,2024-25,27,Wolverhampton,Fulham,1,2,A,Peter Bankes,6.0,5.0,6.0,5,9.0,6.0,5.0,5,0.3548387096774194,31,0.2903225806451613,31,2,0,1,3
497678,2025-02-25 20:15:00+00:00,2024-25,27,Chelsea,Southampton,4,0,H,Thomas Bramall,6.0,7.0,10.0,5,3.0,6.0,14.0,5,0.5483870967741935,31,0.07692307692307693,13,1,0,0,1
497671,2025-02-26 19:30:00+00:00,2024-25,27,Nottingham,Arsenal,0,0,D,Andy Madley,6.0,14.0,13.0,5,10.0,10.0,4.0,5,0.3870967741935484,31,0.625,32,0,0,3,3
497673,2025-02-26 19:30:00+00:00,2024-25,27,Brentford,Everton,1,1,D,Simon Hooper,9.0,7.0,5.0,5,11.0,11.0,5.0,5,0.375,32,0.25806451612903225,31,0,1,2,3
497675,2025-02-26 19:30:00+00:00,2024-25,27,Tottenham,Man City,0,1,A,Jarred Gillett,9.0,10.0,6.0,5,9.0,14.0,8.0,5,0.5625,32,0.59375,32,1,1,1,3
497677,2025-02-26 19:30:00+00:00,2024-25,27,Man United,Ipswich Town,3,2,H,Darren England,4.0,4.0,8.0,5,1.0,4.0,17.0,5,0.46875,32,0.16666666666666666,12,0,1,0,1
497679,2025-02-26 20:15:00+00:00,2024-25,27,Liverpool,Newcastle,2,0,H,Chris Kavanagh,11.0,10.0,5.0,5,6.0,9.0,14.0,5,0.7741935483870968,31,0.375,32,2,1,0,3
497676,2025-02-27 20:00:00+00:00,2024-25,27,West Ham,Leicester City,2,0,H,Stuart Attwell,4.0,3.0,6.0,5,3.0,2.0,13.0,5,0.34375,32,0.16666666666666666,12,0,0,1,1
497687,2025-03-08 12:30:00+00:00,2024-25,28,Nottingham,Man City,1,0,H,Chris Kavanagh,4.0,11.0,11.0,5,9.0,9.0,8.0,5,0.375,32,0.6060606060606061,33,0,0,3,3
497684,2025-03-08 15:00:00+00:00,2024-25,28,Brighton Hove,Fulham,2,1,H,Sam Barrott,9.0,9.0,9.0,5,9.0,6.0,6.0,5,0.40625,32,0.3125,32,0,1,2,3
497685,2025-03-08 15:00:00+00:00,2024-25,28,Crystal Palace,Ipswich Town,1,0,H,Simon Hooper,9.0,10.0,5.0,5,1.0,6.0,14.0,5,0.3333333333333333,33,0.15384615384615385,13,1,0,0,1
497688,2025-03-08 15:00:00+00:00,2024-25,28,Liverpool,Southampton,3,1,H,Lewis Smith,11.0,10.0,5.0,5,3.0,4.0,15.0,5,0.78125,32,0.07142857142857142,14,1,0,0,1
497682,2025-03-08 17:30:00+00:00,2024-25,28,Brentford,Aston Villa,0,1,A,Jarred Gillett,10.0,8.0,4.0,5,5.0,6.0,10.0,5,0.36363636363636365,33,0.375,32,0,1,2,3
497683,2025-03-08 20:00:00+00:00,2024-25,28,Wolverhampton,Everton,1,1,D,Stuart Attwell,6.0,5.0,5.0,5,9.0,11.0,6.0,5,0.34375,32,0.25,32,2,0,1,3
497680,2025-03-09 14:00:00+00:00,2024-25,28,Tottenham,Bournemouth,2,2,D,John Brooks,9.0,8.0,4.0,5,6.0,9.0,6.0,5,0.5454545454545454,33,0.36363636363636365,33,2,0,1,3
497689,2025-03-09 14:00:00+00:00,2024-25,28,Chelsea,Leicester City,1,0,H,Tim Robinson,6.0,8.0,9.0,5,3.0,2.0,13.0,5,0.5625,32,0.15384615384615385,13,1,0,0,1
497681,2025-03-09 16:30:00+00:00,2024-25,28,Man United,Arsenal,1,1,D,Anthony Taylor,7.0,6.0,7.0,5,10.0,8.0,2.0,5,0.48484848484848486,33,0.6060606060606061,33,0,0,3,3
497686,2025-03-10 20:00:00+00:00,2024-25,28,West Ham,Newcastle,0,1,A,Michael Salisbury,7.0,5.0,4.0,5,6.0,8.0,12.0,5,0.36363636363636365,33,0.36363636363636365,33,1,1,1,3
497693,2025-03-15 15:00:00+00:00,2024-25,29,Everton,West Ham,1,1,D,Darren Bond,7.0,8.0,7.0,5,6.0,4.0,4.0,5,0.36363636363636365,33,0.34375,32,1,1,1,3
497695,2025-03-15 15:00:00+00:00,2024-25,29,Ipswich Town,Nottingham,2,4,A,Michael Salisbury,1.0,5.0,11.0,5,7.0,12.0,6.0,5,0.07142857142857142,14,0.3333333333333333,33,0,0,1,1
497697,2025-03-15 15:00:00+00:00,2024-25,29,Man City,Brighton Hove,2,2,D,Simon Hooper,6.0,6.0,8.0,5,12.0,11.0,9.0,5,0.6875,32,0.30303030303030304,33,2,0,1,3
497699,2025-03-15 15:00:00+00:00,2024-25,29,Southampton,Wolverhampton,1,2,A,Robert Jones,3.0,4.0,15.0,5,7.0,6.0,5.0,5,0.07692307692307693,13,0.24242424242424243,33,0,0,1,1
497690,2025-03-15 17:30:00+00:00,2024-25,29,Bournemouth,Brentford,1,2,A,Craig Pawson,4.0,6.0,8.0,5,7.0,6.0,4.0,5,0.40625,32,0.28125,32,0,1,2,3
497691,2025-03-16 13:30:00+00:00,2024-25,29,Arsenal,Chelsea,1,0,H,Chris Kavanagh,8.0,8.0,3.0,5,9.0,8.0,6.0,5,0.71875,32,0.3939393939393939,33,1,2,0,3
497694,2025-03-16 13:30:00+00:00,2024-25,29,Fulham,Tottenham,2,0,H,Andy Madley,9.0,7.0,7.0,5,10.0,9.0,4.0,5,0.42424242424242425,33,0.375,32,1,1,1,3
497696,2025-03-16 19:00:00+00:00,2024-25,29,Leicester City,Man United,0,3,A,Thomas Bramall,0.0,0.0,13.0,5,5.0,6.0,8.0,5,0.14285714285714285,14,0.34375,32,0,0,1,1
497701,2025-04-01 18:45:00+00:00,2024-25,30,Arsenal,Fulham,2,1,H,John Brooks,8.0,4.0,2.0,5,9.0,7.0,6.0,5,0.7272727272727273,33,0.30303030303030304,33,0,2,1,3
497704,2025-04-01 18:45:00+00:00,2024-25,30,Wolverhampton,West Ham,1,0,H,Tony Harrington,7.0,6.0,6.0,5,7.0,4.0,3.0,5,0.3333333333333333,33,0.3333333333333333,33,0,0,3,3
497703,2025-04-01 19:00:00+00:00,2024-25,30,Nottingham,Man United,1,0,H,Jarred Gillett,7.0,9.0,8.0,5,8.0,9.0,6.0,5,0.3939393939393939,33,0.36363636363636365,33,2,0,1,3
497700,2025-04-02 18:45:00+00:00,2024-25,30,Bournemouth,Ipswich Town,1,2,A,Robert Jones,4.0,7.0,8.0,5,1.0,6.0,13.0,5,0.3939393939393939,33,0.14285714285714285,14,1,0,0,1
497702,2025-04-02 18:45:00+00:00,2024-25,30,Brighton Hove,Aston Villa,0,3,A,Stuart Attwell,13.0,13.0,4.0,5,8.0,7.0,8.0,5,0.42424242424242425,33,0.3939393939393939,33,1,1,1,3
497706,2025-04-02 18:45:00+00:00,2024-25,30,Man City,Leicester City,2,0,H,Darren England,7.0,7.0,5.0,5,0.0,0.0,12.0,5,0.6666666666666666,33,0.14285714285714285,14,1,0,0,1
497707,2025-04-02 18:45:00+00:00,2024-25,30,Newcastle,Brentford,2,1,H,Peter Bankes,6.0,6.0,11.0,5,10.0,8.0,3.0,5,0.59375,32,0.30303030303030304,33,2,0,1,3
497708,2025-04-02 18:45:00+00:00,2024-25,30,Southampton,Crystal Palace,1,1,D,Andy Madley,0.0,3.0,16.0,5,12.0,10.0,3.0,5,0.07142857142857142,14,0.34375,32,0,0,1,1
497709,2025-04-02 19:00:00+00:00,2024-25,30,Liverpool,Everton,1,0,H,Sam Barrott,13.0,11.0,4.0,5,7.0,7.0,6.0,5,0.7878787878787878,33,0.24242424242424243,33,1,1,1,3
497705,2025-04-03 19:00:00+00:00,2024-25,30,Chelsea,Tottenham,1,0,H,Craig Pawson,6.0,6.0,6.0,5,7.0,7.0,6.0,5,0.5757575757575758,33,0.36363636363636365,33,3,0,0,3
497713,2025-04-05 11:30:00+00:00,2024-25,31,Everton,Arsenal,1,1,D,Darren England,4.0,5.0,6.0,5,8.0,4.0,3.0,5,0.35294117647058826,34,0.5882352941176471,34,0,1,2,3
497712,2025-04-05 14:00:00+00:00,2024-25,31,Crystal Palace,Brighton Hove,2,1,H,Anthony Taylor,10.0,9.0,4.0,5,10.0,10.0,7.0,5,0.35294117647058826,34,0.29411764705882354,34,1,1,1,3
497715,2025-04-05 14:00:00+00:00,2024-25,31,Ipswich Town,Wolverhampton,1,2,A,Peter Bankes,3.0,7.0,13.0,5,10.0,6.0,4.0,5,0.06666666666666667,15,0.2647058823529412,34,1,0,0,1
497719,2025-04-05 14:00:00+00:00,2024-25,31,West Ham,Bournemouth,2,2,D,Tim Robinson,7.0,4.0,3.0,5,1.0,5.0,9.0,5,0.35294117647058826,34,0.35294117647058826,34,0,3,0,3
497710,2025-04-05 16:30:00+00:00,2024-25,31,Aston Villa,Nottingham,2,1,H,Simon Hooper,10.0,9.0,7.0,5,10.0,9.0,6.0,5,0.5588235294117647,34,0.35294117647058826,34,1,0,2,3
497711,2025-04-06 13:00:00+00:00,2024-25,31,Brentford,Chelsea,0,0,D,Michael Oliver,7.0,8.0,5.0,5,9.0,7.0,3.0,5,0.35294117647058826,34,0.38235294117647056,34,1,1,1,3
497714,2025-04-06 13:00:00+00:00,2024-25,31,Fulham,Liverpool,3,2,H,Chris Kavanagh,6.0,6.0,7.0,5,13.0,10.0,3.0,5,0.4411764705882353,34,0.5588235294117647,34,0,1,2,3
497718,2025-04-06 13:00:00+00:00,2024-25,31,Tottenham,Southampton,3,1,H,Michael Salisbury,4.0,6.0,7.0,5,1.0,3.0,14.0,5,0.5294117647058824,34,0.06666666666666667,15,1,0,0,1
497717,2025-04-06 15:30:00+00:00,2024-25,31,Man United,Man City,0,0,D,John Brooks,8.0,9.0,6.0,5,7.0,5.0,5.0,5,0.47058823529411764,34,0.5882352941176471,34,1,0,2,3
497716,2025-04-07 19:00:00+00:00,2024-25,31,Leicester City,Newcastle,0,3,A,Robert Jones,0.0,0.0,12.0,5,9.0,7.0,10.0,5,0.13333333333333333,15,0.38235294117647056,34,0,0,1,1
497725,2025-04-12 11:30:00+00:00,2024-25,32,Man City,Crystal Palace,5,2,H,Jarred Gillett,8.0,5.0,3.0,5,13.0,10.0,3.0,5,0.6764705882352942,34,0.3333333333333333,33,1,2,0,3
497728,2025-04-12 14:00:00+00:00,2024-25,32,Southampton,Aston Villa,0,3,A,Thomas Bramall,1.0,4.0,13.0,5,12.0,9.0,6.0,5,0.06666666666666667,15,0.4117647058823529,34,0,0,1,1
497722,2025-04-12 14:00:00+00:00,2024-25,32,Brighton Hove,Leicester City,2,2,D,Darren Bond,7.0,7.0,9.0,5,0.0,0.0,11.0,5,0.4117647058823529,34,0.13333333333333333,15,0,1,0,1
497727,2025-04-12 14:00:00+00:00,2024-25,32,Nottingham,Everton,0,1,A,Craig Pawson,10.0,7.0,4.0,5,4.0,4.0,5.0,5,0.4117647058823529,34,0.23529411764705882,34,1,0,2,3
497721,2025-04-12 16:30:00+00:00,2024-25,32,Arsenal,Brentford,1,1,D,Simon Hooper,9.0,5.0,3.0,5,5.0,4.0,5.0,5,0.7352941176470589,34,0.29411764705882354,34,3,0,0,3
497723,2025-04-13 13:00:00+00:00,2024-25,32,Chelsea,Ipswich Town,2,2,D,Stuart Attwell,10.0,6.0,1.0,5,3.0,7.0,11.0,5,0.5882352941176471,34,0.2,15,0,0,1,1
497724,2025-04-13 13:00:00+00:00,2024-25,32,Liverpool,West Ham,2,1,H,Andy Madley,12.0,10.0,4.0,5,5.0,5.0,5.0,5,0.7941176470588235,34,0.3235294117647059,34,2,1,0,3
497729,2025-04-13 13:00:00+00:00,2024-25,32,Wolverhampton,Tottenham,4,2,H,Anthony Taylor,10.0,7.0,5.0,5,4.0,5.0,7.0,5,0.35294117647058826,34,0.35294117647058826,34,2,1,0,3
497726,2025-04-13 15:30:00+00:00,2024-25,32,Newcastle,Man United,4,1,H,Chris Kavanagh,12.0,10.0,6.0,5,8.0,7.0,4.0,5,0.6060606060606061,33,0.35294117647058826,34,2,0,1,3
497720,2025-04-14 19:00:00+00:00,2024-25,32,Bournemouth,Fulham,1,0,H,Michael Oliver,2.0,7.0,10.0,5,9.0,9.0,7.0,5,0.38235294117647056,34,0.29411764705882354,34,1,1,1,3
497698,2025-04-16 18:30:00+00:00,2024-25,29,Newcastle,Crystal Palace,5,0,H,Darren England,12.0,10.0,4.0,5,10.0,10.0,8.0,5,0.6176470588235294,34,0.3235294117647059,34,1,1,1,3
497731,2025-04-19 14:00:00+00:00,2024-25,33,Brentford,Brighton Hove,4,2,H,Tim Robinson,5.0,4.0,5.0,5,5.0,7.0,10.0,5,0.34285714285714286,35,0.2857142857142857,35,0,2,1,3
497732,2025-04-19 14:00:00+00:00,2024-25,33,Crystal Palace,Bournemouth,0,0,D,Sam Barrott,7.0,6.0,12.0,5,5.0,7.0,8.0,5,0.37142857142857144,35,0.34285714285714286,35,0,1,2,3
497733,2025-04-19 14:00:00+00:00,2024-25,33,Everton,Man City,0,2,A,Simon Hooper,6.0,4.0,4.0,5,8.0,9.0,5.0,5,0.34285714285714286,35,0.5714285714285714,35,0,1,2,3
497739,2025-04-19 14:00:00+00:00,2024-25,33,West Ham,Southampton,1,1,D,Andrew Kitchen,2.0,4.0,7.0,5,1.0,4.0,12.0,5,0.34285714285714286,35,0.0625,16,1,0,0,1
497730,2025-04-19 16:30:00+00:00,2024-25,33,Aston Villa,Newcastle,4,1,H,Jarred Gillett,12.0,10.0,5.0,5,15.0,15.0,2.0,5,0.5714285714285714,35,0.4,35,0,0,3,3
497734,2025-04-20 13:00:00+00:00,2024-25,33,Fulham,Chelsea,1,2,A,Anthony Taylor,6.0,7.0,7.0,5,8.0,4.0,3.0,5,0.45714285714285713,35,0.37142857142857144,35,1,0,2,3
497735,2025-04-20 13:00:00+00:00,2024-25,33,Ipswich Town,Arsenal,0,4,A,Chris Kavanagh,4.0,7.0,10.0,5,9.0,6.0,4.0,5,0.0625,16,0.5714285714285714,35,0,0,1,1
497737,2025-04-20 13:00:00+00:00,2024-25,33,Man United,Wolverhampton,0,1,A,Robert Jones,5.0,5.0,6.0,5,13.0,10.0,5.0,5,0.45714285714285713,35,0.2857142857142857,35,2,0,1,3
497736,2025-04-20 15:30:00+00:00,2024-25,33,Leicester City,Liverpool,0,1,A,Stuart Attwell,1.0,2.0,11.0,5,12.0,10.0,5.0,5,0.125,16,0.5428571428571428,35,0,0,1,1
497738,2025-04-21 19:00:00+00:00,2024-25,33,Tottenham,Nottingham,1,2,A,Peter Bankes,4.0,7.0,10.0,5,9.0,7.0,5.0,5,0.5428571428571428,35,0.34285714285714286,35,2,0,1,3
497745,2025-04-22 19:00:00+00:00,2024-25,34,Man City,Aston Villa,2,1,H,Craig Pawson,11.0,11.0,4.0,5,15.0,13.0,2.0,5,0.6857142857142857,35,0.42857142857142855,35,1,0,2,3
497741,2025-04-23 19:00:00+00:00,2024-25,34,Arsenal,Crystal Palace,2,2,D,Michael Salisbury,11.0,9.0,3.0,5,5.0,5.0,12.0,5,0.7142857142857143,35,0.3142857142857143,35,3,0,0,3
497743,2025-04-26 11:30:00+00:00,2024-25,34,Chelsea,Everton,1,0,H,Chris Kavanagh,8.0,5.0,4.0,5,5.0,3.0,5.0,5,0.5714285714285714,35,0.2571428571428571,35,1,1,1,3
497742,2025-04-26 14:00:00+00:00,2024-25,34,Brighton Hove,West Ham,3,2,H,Darren England,2.0,7.0,13.0,5,3.0,5.0,7.0,5,0.4,35,0.3142857142857143,35,0,2,1,3
497746,2025-04-26 14:00:00+00:00,2024-25,34,Newcastle,Ipswich Town,3,0,H,Michael Salisbury,12.0,15.0,6.0,5,4.0,7.0,13.0,5,0.6285714285714286,35,0.1875,16,1,0,0,1
497748,2025-04-26 14:00:00+00:00,2024-25,34,Southampton,Fulham,1,2,A,Tony Harrington,2.0,4.0,10.0,5,6.0,7.0,7.0,5,0.0625,16,0.2857142857142857,35,0,1,0,1
497749,2025-04-26 14:00:00+00:00,2024-25,34,Wolverhampton,Leicester City,3,0,H,Sam Barrott,15.0,10.0,4.0,5,1.0,2.0,11.0,5,0.37142857142857144,35,0.125,16,1,0,0,1
497740,2025-04-27 13:00:00+00:00,2024-25,34,Bournemouth,Man United,1,1,D,Peter Bankes,5.0,5.0,6.0,5,4.0,4.0,6.0,5,0.4,35,0.34285714285714286,35,2,1,0,3
497744,2025-04-27 15:30:00+00:00,2024-25,34,Liverpool,Tottenham,5,1,H,Thomas Bramall,12.0,9.0,5.0,5,3.0,6.0,10.0,5,0.8,35,0.34285714285714286,35,2,0,1,3
497747,2025-05-01 18:30:00+00:00,2024-25,34,Nottingham,Brentford,0,2,A,Darren England,9.0,8.0,6.0,5,8.0,8.0,6.0,5,0.4,35,0.2857142857142857,35,1,1,1,3
497758,2025-05-02 19:00:00+00:00,2024-25,35,Man City,Wolverhampton,1,0,H,Peter Bankes,13.0,11.0,3.0,5,15.0,11.0,3.0,5,0.6944444444444444,36,0.3055555555555556,36,2,0,1,3
497751,2025-05-03 11:30:00+00:00,2024-25,35,Aston Villa,Fulham,1,0,H,Robert Jones,12.0,13.0,4.0,5,6.0,7.0,8.0,5,0.5833333333333334,36,0.3055555555555556,36,3,0,0,3
497756,2025-05-03 14:00:00+00:00,2024-25,35,Everton,Ipswich Town,2,2,D,Lewis Smith,4.0,2.0,5.0,5,4.0,5.0,12.0,5,0.3333333333333333,36,0.17647058823529413,17,1,0,0,1
497757,2025-05-03 14:00:00+00:00,2024-25,35,Leicester City,Southampton,2,0,H,David Webb,1.0,2.0,11.0,5,2.0,4.0,10.0,5,0.11764705882352941,17,0.058823529411764705,17,1,0,0,1
497750,2025-05-03 16:30:00+00:00,2024-25,35,Arsenal,Bournemouth,1,2,A,Jarred Gillett,9.0,10.0,5.0,5,6.0,5.0,5.0,5,0.6944444444444444,36,0.3333333333333333,36,2,0,1,3
497752,2025-05-04 13:00:00+00:00,2024-25,35,Brentford,Man United,4,3,H,Anthony Taylor,8.0,8.0,5.0,5,2.0,2.0,7.0,5,0.3611111111111111,36,0.3333333333333333,36,0,1,2,3
497753,2025-05-04 13:00:00+00:00,2024-25,35,Brighton Hove,Newcastle,1,1,D,Craig Pawson,4.0,8.0,13.0,5,12.0,16.0,5.0,5,0.4166666666666667,36,0.3888888888888889,36,2,1,0,3
497759,2025-05-04 13:00:00+00:00,2024-25,35,West Ham,Tottenham,1,1,D,Michael Oliver,2.0,6.0,9.0,5,3.0,7.0,13.0,5,0.3333333333333333,36,0.3333333333333333,36,1,1,1,3
497754,2025-05-04 15:30:00+00:00,2024-25,35,Chelsea,Liverpool,3,1,H,Simon Hooper,11.0,6.0,3.0,5,12.0,11.0,5.0,5,0.5833333333333334,36,0.5555555555555556,36,0,1,2,3
497755,2025-05-05 19:00:00+00:00,2024-25,35,Crystal Palace,Nottingham,1,1,D,Andy Madley,5.0,6.0,13.0,5,6.0,4.0,6.0,5,0.3611111111111111,36,0.3611111111111111,36,0,2,1,3
497761,2025-05-10 14:00:00+00:00,2024-25,36,Fulham,Everton,1,3,A,Michael Salisbury,6.0,6.0,7.0,5,5.0,4.0,6.0,5,0.4444444444444444,36,0.25,36,1,2,0,3
497762,2025-05-10 14:00:00+00:00,2024-25,36,Ipswich Town,Brentford,0,1,A,Sam Barrott,2.0,5.0,13.0,5,11.0,11.0,6.0,5,0.058823529411764705,17,0.3055555555555556,36,0,0,1,1
497767,2025-05-10 14:00:00+00:00,2024-25,36,Southampton,Man City,0,0,D,Tim Robinson,1.0,3.0,11.0,5,13.0,10.0,3.0,5,0.058823529411764705,17,0.5833333333333334,36,0,0,1,1
497769,2025-05-10 14:00:00+00:00,2024-25,36,Wolverhampton,Brighton Hove,0,2,A,Michael Oliver,12.0,10.0,4.0,5,5.0,9.0,11.0,5,0.3888888888888889,36,0.2777777777777778,36,0,2,1,3
497760,2025-05-10 16:30:00+00:00,2024-25,36,Bournemouth,Aston Villa,0,1,A,Stuart Attwell,9.0,6.0,4.0,5,12.0,11.0,4.0,5,0.3888888888888889,36,0.4166666666666667,36,0,2,1,3
497765,2025-05-11 11:00:00+00:00,2024-25,36,Newcastle,Chelsea,2,0,H,John Brooks,10.0,14.0,6.0,5,11.0,8.0,4.0,5,0.6388888888888888,36,0.3888888888888889,36,1,0,2,3
497764,2025-05-11 13:15:00+00:00,2024-25,36,Man United,West Ham,0,2,A,Jarred Gillett,2.0,5.0,10.0,5,3.0,7.0,9.0,5,0.4444444444444444,36,0.3055555555555556,36,1,0,2,3
497766,2025-05-11 13:15:00+00:00,2024-25,36,Nottingham,Leicester City,2,2,D,Tony Harrington,4.0,4.0,7.0,5,4.0,4.0,9.0,5,0.3888888888888889,36,0.11764705882352941,17,1,0,0,1
497768,2025-05-11 13:15:00+00:00,2024-25,36,Tottenham,Crystal Palace,0,2,A,Chris Kavanagh,4.0,8.0,13.0,5,3.0,5.0,13.0,5,0.5277777777777778,36,0.3055555555555556,36,2,0,1,3
497763,2025-05-11 15:30:00+00:00,2024-25,36,Liverpool,Arsenal,2,2,D,Anthony Taylor,9.0,11.0,8.0,5,6.0,9.0,6.0,5,0.8055555555555556,36,0.5833333333333334,36,0,2,1,3
497771,2025-05-16 18:30:00+00:00,2024-25,37,Aston Villa,Tottenham,2,0,H,Peter Bankes,12.0,10.0,3.0,5,1.0,5.0,14.0,5,0.5945945945945946,37,0.32432432432432434,37,1,0,2,3
497774,2025-05-16 19:15:00+00:00,2024-25,37,Chelsea,Man United,1,0,H,Chris Kavanagh,10.0,8.0,6.0,5,1.0,5.0,12.0,5,0.5945945945945946,37,0.32432432432432434,37,1,1,1,3
497776,2025-05-18 11:00:00+00:00,2024-25,37,Everton,Southampton,2,0,H,Michael Oliver,7.0,6.0,6.0,5,2.0,2.0,8.0,5,0.32432432432432434,37,0.05555555555555555,18,0,0,1,1
497779,2025-05-18 13:15:00+00:00,2024-25,37,West Ham,Nottingham,1,2,A,Sam Barrott,5.0,7.0,7.0,5,5.0,5.0,7.0,5,0.32432432432432434,37,0.35135135135135137,37,1,0,2,3
497772,2025-05-18 14:00:00+00:00,2024-25,37,Brentford,Fulham,2,3,A,Jarred Gillett,13.0,12.0,6.0,5,3.0,4.0,8.0,5,0.3783783783783784,37,0.2972972972972973,37,1,1,1,3
497777,2025-05-18 14:00:00+00:00,2024-25,37,Leicester City,Ipswich Town,2,0,H,Andrew Kitchen,5.0,6.0,8.0,5,2.0,4.0,12.0,5,0.16666666666666666,18,0.16666666666666666,18,0,1,0,1
497770,2025-05-18 15:30:00+00:00,2024-25,37,Arsenal,Newcastle,1,0,H,Simon Hooper,6.0,10.0,7.0,5,10.0,12.0,5.0,5,0.6756756756756757,37,0.3783783783783784,37,1,0,2,3
497773,2025-05-19 19:00:00+00:00,2024-25,37,Brighton Hove,Liverpool,3,2,H,John Brooks,8.0,10.0,9.0,5,10.0,11.0,7.0,5,0.40540540540540543,37,0.5405405405405406,37,0,1,2,3
497775,2025-05-20 19:00:00+00:00,2024-25,37,Crystal Palace,Wolverhampton,4,2,H,David Webb,6.0,5.0,8.0,5,9.0,8.0,5.0,5,0.35135135135135137,37,0.2972972972972973,37,2,1,0,3
497778,2025-05-20 19:00:00+00:00,2024-25,37,Man City,Bournemouth,3,1,H,Thomas Bramall,13.0,10.0,3.0,5,8.0,4.0,3.0,5,0.7027027027027027,37,0.35135135135135137,37,2,0,1,3
497780,2025-05-25 15:00:00+00:00,2024-25,38,Bournemouth,Leicester City,2,0,H,Lewis Smith,5.0,4.0,6.0,5,7.0,6.0,6.0,5,0.3783783783783784,37,0.1111111111111111,18,0,0,1,1
497781,2025-05-25 15:00:00+00:00,2024-25,38,Fulham,Man City,0,2,A,Andy Madley,6.0,7.0,9.0,5,13.0,8.0,2.0,5,0.43243243243243246,37,0.5675675675675675,37,0,0,3,3
497782,2025-05-25 15:00:00+00:00,2024-25,38,Ipswich Town,West Ham,1,3,A,Tim Robinson,1.0,2.0,12.0,5,5.0,7.0,7.0,5,0.05555555555555555,18,0.32432432432432434,37,0,0,1,1
497783,2025-05-25 15:00:00+00:00,2024-25,38,Liverpool,Crystal Palace,1,1,D,Darren England,7.0,11.0,9.0,5,9.0,9.0,5.0,5,0.7837837837837838,37,0.32432432432432434,37,2,0,1,3
497784,2025-05-25 15:00:00+00:00,2024-25,38,Man United,Aston Villa,2,0,H,Thomas Bramall,1.0,4.0,9.0,5,12.0,9.0,3.0,5,0.43243243243243246,37,0.43243243243243246,37,2,1,0,3
497785,2025-05-25 15:00:00+00:00,2024-25,38,Newcastle,Everton,0,1,A,Tony Harrington,7.0,7.0,6.0,5,7.0,7.0,6.0,5,0.6486486486486487,37,0.2702702702702703,37,0,2,1,3
497786,2025-05-25 15:00:00+00:00,2024-25,38,Nottingham,Chelsea,0,1,A,Anthony Taylor,8.0,7.0,7.0,5,12.0,7.0,4.0,5,0.3783783783783784,37,0.3783783783783784,37,1,1,1,3
497787,2025-05-25 15:00:00+00:00,2024-25,38,Southampton,Arsenal,1,2,A,Darren Bond,2.0,2.0,7.0,5,8.0,10.0,6.0,5,0.05555555555555555,18,0.5675675675675675,37,0,0,1,1
497788,2025-05-25 15:00:00+00:00,2024-25,38,Tottenham,Brighton Hove,1,4,A,Robert Jones,1.0,3.0,12.0,5,10.0,11.0,9.0,5,0.5135135135135135,37,0.2972972972972973,37,1,0,2,3
497789,2025-05-25 15:00:00+00:00,2024-25,38,Wolverhampton,Brentford,1,1,D,Craig Pawson,6.0,6.0,7.0,5,12.0,13.0,8.0,5,0.3783783783783784,37,0.32432432432432434,37,1,0,2,3
537785,2025-08-15 19:00:00+00:00,2025-26,1,Liverpool,Bournemouth,4,2,H,Anthony Taylor,5.0,11.0,10.0,5,7.0,6.0,6.0,5,0.7631578947368421,38,0.34210526315789475,38,4,0,0,4
537786,2025-08-16 11:30:00+00:00,2025-26,1,Aston Villa,Newcastle,0,0,D,Craig Pawson,9.0,5.0,4.0,5,7.0,6.0,3.0,5,0.6052631578947368,38,0.3684210526315789,38,1,0,3,4
537790,2025-08-16 14:00:00+00:00,2025-26,1,Tottenham,Burnley,3,0,H,Michael Oliver,1.0,3.0,14.0,5,4.0,8.0,10.0,5,0.5,38,0.15789473684210525,19,2,0,0,2
537787,2025-08-16 14:00:00+00:00,2025-26,1,Brighton Hove,Fulham,1,1,D,Sam Barrott,13.0,13.0,6.0,5,6.0,6.0,9.0,5,0.42105263157894735,38,0.3157894736842105,38,1,1,2,4
537789,2025-08-16 14:00:00+00:00,2025-26,1,Sunderland,West Ham,3,0,H,Robert Jones,,,,0,7.0,9.0,7.0,5,,0,0.34210526315789475,38,0,0,0,0
537791,2025-08-16 16:30:00+00:00,2025-26,1,Wolverhampton,Man City,0,4,A,Jarred Gillett,4.0,6.0,8.0,5,13.0,8.0,2.0,5,0.3684210526315789,38,0.5789473684210527,38,1,0,3,4
537788,2025-08-17 13:00:00+00:00,2025-26,1,Nottingham,Brentford,3,1,H,Peter Bankes,5.0,5.0,7.0,5,10.0,10.0,7.0,5,0.3684210526315789,38,0.3157894736842105,38,1,1,2,4
537792,2025-08-17 13:00:00+00:00,2025-26,1,Chelsea,Crystal Palace,0,0,D,Darren England,12.0,6.0,3.0,5,9.0,10.0,6.0,5,0.6052631578947368,38,0.3157894736842105,38,2,2,0,4
537793,2025-08-17 15:30:00+00:00,2025-26,1,Man United,Arsenal,0,1,A,Simon Hooper,4.0,6.0,8.0,5,8.0,8.0,7.0,5,0.4473684210526316,38,0.5789473684210527,38,0,1,3,4
537794,2025-08-18 19:00:00+00:00,2025-26,1,Leeds United,Everton,1,0,H,Chris Kavanagh,,,,0,10.0,8.0,4.0,5,,0,0.2894736842105263,38,0,0,0,0
537804,2025-08-22 19:00:00+00:00,2025-26,2,West Ham,Chelsea,1,5,A,Michael Oliver,7.0,7.0,7.0,5,10.0,5.0,3.0,5,0.3157894736842105,38,0.39473684210526316,38,1,0,3,4
537802,2025-08-23 11:30:00+00:00,2025-26,2,Man City,Tottenham,0,2,A,Peter Bankes,13.0,10.0,1.0,5,4.0,5.0,9.0,5,0.7105263157894737,38,0.3157894736842105,38,2,1,1,4
537799,2025-08-23 14:00:00+00:00,2025-26,2,Burnley,Sunderland,2,0,H,Michael Salisbury,1.0,4.0,12.0,5,3.0,3.0,0.0,1,0.10526315789473684,19,,0,0,0,0,0
537795,2025-08-23 14:00:00+00:00,2025-26,2,Bournemouth,Wolverhampton,1,0,H,Thomas Bramall,6.0,7.0,9.0,5,1.0,3.0,12.0,5,0.39473684210526316,38,0.2894736842105263,38,2,0,2,4
537798,2025-08-23 14:00:00+00:00,2025-26,2,Brentford,Aston Villa,1,0,H,Tony Harrington,7.0,9.0,10.0,5,10.0,4.0,2.0,5,0.3684210526315789,38,0.42105263157894735,38,0,1,3,4
537797,2025-08-23 16:30:00+00:00,2025-26,2,Arsenal,Leeds United,5,0,H,Jarred Gillett,10.0,7.0,5.0,5,3.0,1.0,0.0,1,0.6842105263157895,38,,0,0,0,0,0
537796,2025-08-24 13:00:00+00:00,2025-26,2,Crystal Palace,Nottingham,1,1,D,Anthony Taylor,9.0,8.0,4.0,5,8.0,8.0,6.0,5,0.3684210526315789,38,0.3684210526315789,38,0,3,1,4
537800,2025-08-24 13:00:00+00:00,2025-26,2,Everton,Brighton Hove,2,0,H,Stuart Attwell,10.0,8.0,4.0,5,11.0,11.0,5.0,5,0.34210526315789475,38,0.3157894736842105,38,1,2,1,4
537801,2025-08-24 15:30:00+00:00,2025-26,2,Fulham,Man United,1,1,D,Chris Kavanagh,4.0,5.0,9.0,5,3.0,5.0,8.0,5,0.42105263157894735,38,0.3157894736842105,38,1,0,3,4
537803,2025-08-25 19:00:00+00:00,2025-26,2,Newcastle,Liverpool,2,3,A,Simon Hooper,5.0,3.0,3.0,5,5.0,10.0,11.0,5,0.631578947368421,38,0.5263157894736842,38,0,1,3,4
537808,2025-08-30 11:30:00+00:00,2025-26,3,Chelsea,Fulham,2,0,H,Robert Jones,10.0,7.0,3.0,5,5.0,6.0,9.0,5,0.5897435897435898,39,0.3076923076923077,39,3,0,1,4
537811,2025-08-30 14:00:00+00:00,2025-26,3,Man United,Burnley,3,2,H,Sam Barrott,4.0,3.0,5.0,5,3.0,5.0,11.0,5,0.4358974358974359,39,0.15,20,1,1,0,2
537805,2025-08-30 14:00:00+00:00,2025-26,3,Sunderland,Brentford,2,1,H,Anthony Taylor,3.0,3.0,2.0,2,7.0,6.0,7.0,5,1.0,1,0.3076923076923077,39,0,0,0,0
537814,2025-08-30 14:00:00+00:00,2025-26,3,Wolverhampton,Everton,2,3,A,Michael Oliver,1.0,3.0,12.0,5,12.0,8.0,2.0,5,0.358974358974359,39,0.28205128205128205,39,2,1,1,4
537813,2025-08-30 14:00:00+00:00,2025-26,3,Tottenham,Bournemouth,0,1,A,Simon Hooper,6.0,6.0,8.0,5,6.0,6.0,8.0,5,0.5128205128205128,39,0.3333333333333333,39,2,1,1,4
537810,2025-08-30 16:30:00+00:00,2025-26,3,Leeds United,Newcastle,0,0,D,Peter Bankes,3.0,1.0,5.0,2,4.0,4.0,5.0,5,1.0,1,0.358974358974359,39,0,0,0,0
537807,2025-08-31 13:00:00+00:00,2025-26,3,Brighton Hove,Man City,2,1,H,Darren England,10.0,10.0,6.0,5,10.0,9.0,3.0,5,0.41025641025641024,39,0.5897435897435898,39,1,1,2,4
537812,2025-08-31 13:00:00+00:00,2025-26,3,Nottingham,West Ham,0,3,A,Craig Pawson,8.0,8.0,6.0,5,6.0,7.0,11.0,5,0.38461538461538464,39,0.3333333333333333,39,3,0,1,4
537809,2025-08-31 15:30:00+00:00,2025-26,3,Liverpool,Arsenal,1,0,H,Chris Kavanagh,8.0,12.0,10.0,5,13.0,11.0,3.0,5,0.7692307692307693,39,0.5897435897435898,39,0,3,1,4
537806,2025-08-31 18:00:00+00:00,2025-26,3,Aston Villa,Crystal Palace,0,3,A,Stuart Attwell,7.0,3.0,3.0,5,9.0,8.0,4.0,5,0.5897435897435898,39,0.3076923076923077,39,1,1,2,4
537817,2025-09-13 11:30:00+00:00,2025-26,4,Arsenal,Nottingham,3,0,H,Darren England,12.0,9.0,2.0,5,7.0,6.0,7.0,5,0.6923076923076923,39,0.358974358974359,39,3,1,0,4
537815,2025-09-13 14:00:00+00:00,2025-26,4,Bournemouth,Brighton Hove,2,1,H,Peter Bankes,9.0,7.0,7.0,5,10.0,10.0,7.0,5,0.41025641025641024,39,0.3076923076923077,39,1,0,3,4
537816,2025-09-13 14:00:00+00:00,2025-26,4,Crystal Palace,Sunderland,0,0,D,Thomas Bramall,9.0,9.0,4.0,5,6.0,5.0,3.0,3,0.358974358974359,39,0.0,1,0,0,0,0
537820,2025-09-13 14:00:00+00:00,2025-26,4,Everton,Aston Villa,0,0,D,Simon Hooper,12.0,8.0,3.0,5,4.0,2.0,6.0,5,0.358974358974359,39,0.41025641025641024,39,0,1,3,4
537821,2025-09-13 14:00:00+00:00,2025-26,4,Fulham,Leeds United,1,0,H,Craig Pawson,5.0,5.0,8.0,5,4.0,1.0,5.0,3,0.41025641025641024,39,0.0,1,0,0,0,0
537823,2025-09-13 14:00:00+00:00,2025-26,4,Newcastle,Wolverhampton,1,0,H,Chris Kavanagh,2.0,2.0,5.0,5,1.0,5.0,13.0,5,0.6153846153846154,39,0.28205128205128205,39,3,1,0,4
537824,2025-09-13 16:30:00+00:00,2025-26,4,West Ham,Tottenham,0,3,A,Jarred Gillett,6.0,8.0,11.0,5,6.0,6.0,7.0,5,0.3076923076923077,39,0.3333333333333333,39,1,2,1,4
537818,2025-09-13 19:00:00+00:00,2025-26,4,Brentford,Chelsea,2,2,D,Stuart Attwell,4.0,6.0,9.0,5,13.0,9.0,1.0,5,0.38461538461538464,39,0.41025641025641024,39,1,2,1,4
537819,2025-09-14 13:00:00+00:00,2025-26,4,Burnley,Liverpool,0,1,A,Michael Oliver,3.0,6.0,10.0,5,10.0,11.0,8.0,5,0.15,20,0.5384615384615384,39,0,0,2,2
537822,2025-09-14 15:30:00+00:00,2025-26,4,Man City,Man United,3,0,H,Anthony Taylor,9.0,10.0,5.0,5,7.0,6.0,5.0,5,0.6923076923076923,39,0.3076923076923077,39,2,1,1,4
537831,2025-09-20 11:30:00+00:00,2025-26,5,Liverpool,Everton,2,1,H,Darren England,13.0,10.0,5.0,5,10.0,6.0,3.0,5,0.775,40,0.3,40,2,1,1,4
537827,2025-09-20 14:00:00+00:00,2025-26,5,Brighton Hove,Tottenham,2,2,D,Chris Kavanagh,7.0,8.0,7.0,5,9.0,9.0,5.0,5,0.425,40,0.35,40,3,0,1,4
537829,2025-09-20 14:00:00+00:00,2025-26,5,Burnley,Nottingham,1,1,D,Thomas Bramall,3.0,5.0,9.0,5,4.0,4.0,9.0,5,0.14285714285714285,21,0.35,40,0,1,1,2
537833,2025-09-20 14:00:00+00:00,2025-26,5,West Ham,Crystal Palace,1,2,A,Tony Harrington,6.0,7.0,12.0,5,7.0,5.0,2.0,5,0.3,40,0.325,40,1,1,2,4
537834,2025-09-20 14:00:00+00:00,2025-26,5,Wolverhampton,Leeds United,1,3,A,Anthony Taylor,1.0,3.0,10.0,5,4.0,1.0,6.0,4,0.35,40,0.0,2,0,0,0,0
537832,2025-09-20 16:30:00+00:00,2025-26,5,Man United,Chelsea,2,1,H,Peter Bankes,7.0,6.0,7.0,5,11.0,10.0,3.0,5,0.45,40,0.4,40,1,1,2,4
537830,2025-09-20 19:00:00+00:00,2025-26,5,Fulham,Brentford,3,1,H,Michael Oliver,5.0,3.0,6.0,5,5.0,6.0,8.0,5,0.425,40,0.3,40,2,1,1,4
537825,2025-09-21 13:00:00+00:00,2025-26,5,Bournemouth,Newcastle,0,0,D,Robert Jones,12.0,8.0,5.0,5,5.0,3.0,4.0,5,0.425,40,0.35,40,2,2,0,4
537826,2025-09-21 13:00:00+00:00,2025-26,5,Sunderland,Aston Villa,1,1,D,Sam Barrott,7.0,5.0,3.0,4,2.0,0.0,6.0,5,1.0,2,0.4,40,0,0,0,0
537828,2025-09-21 15:30:00+00:00,2025-26,5,Arsenal,Man City,1,1,D,Stuart Attwell,12.0,11.0,2.0,5,9.0,10.0,4.0,5,0.7,40,0.575,40,2,2,0,4
537837,2025-09-27 11:30:00+00:00,2025-26,6,Brentford,Man United,3,1,H,Craig Pawson,4.0,6.0,10.0,5,7.0,6.0,8.0,5,0.375,40,0.3,40,1,1,2,4
537836,2025-09-27 14:00:00+00:00,2025-26,6,Crystal Palace,Liverpool,2,1,H,Chris Kavanagh,9.0,6.0,2.0,5,15.0,11.0,5.0,5,0.35,40,0.55,40,1,1,2,4
537838,2025-09-27 14:00:00+00:00,2025-26,6,Chelsea,Brighton Hove,1,3,A,Simon Hooper,8.0,10.0,5.0,5,5.0,6.0,8.0,5,0.6,40,0.3,40,3,0,1,4
537840,2025-09-27 14:00:00+00:00,2025-26,6,Leeds United,Bournemouth,2,2,D,Michael Oliver,7.0,4.0,7.0,5,10.0,6.0,5.0,5,0.5,2,0.35,40,0,0,0,0
537841,2025-09-27 14:00:00+00:00,2025-26,6,Man City,Burnley,5,1,H,Robert Jones,7.0,9.0,5.0,5,4.0,5.0,8.0,5,0.7,40,0.14285714285714285,21,2,0,0,2
537843,2025-09-27 16:30:00+00:00,2025-26,6,Nottingham,Sunderland,0,1,A,Tony Harrington,5.0,5.0,9.0,5,8.0,6.0,4.0,5,0.375,40,0.0,2,0,0,0,0
537844,2025-09-27 19:00:00+00:00,2025-26,6,Tottenham,Wolverhampton,1,1,D,Michael Salisbury,10.0,10.0,3.0,5,0.0,3.0,12.0,5,0.5,40,0.275,40,0,1,3,4
537835,2025-09-28 13:00:00+00:00,2025-26,6,Aston Villa,Fulham,3,1,H,Andy Madley,3.0,1.0,5.0,5,8.0,6.0,5.0,5,0.575,40,0.3,40,4,0,0,4
537842,2025-09-28 15:30:00+00:00,2025-26,6,Newcastle,Arsenal,1,2,A,Jarred Gillett,6.0,3.0,3.0,5,10.0,10.0,2.0,5,0.625,40,0.575,40,2,0,2,4
537839,2025-09-29 19:00:00+00:00,2025-26,6,Everton,West Ham,1,1,D,Sam Barrott,7.0,6.0,5.0,5,3.0,5.0,13.0,5,0.35,40,0.35,40,1,2,1,4
537845,2025-10-03 19:00:00+00:00,2025-26,7,Bournemouth,Fulham,3,1,H,Simon Hooper,11.0,6.0,3.0,5,7.0,6.0,7.0,5,0.4146341463414634,41,0.2926829268292683,41,2,1,1,4
537851,2025-10-04 11:30:00+00:00,2025-26,7,Leeds United,Tottenham,1,2,A,Thomas Bramall,5.0,5.0,9.0,5,8.0,8.0,4.0,5,0.3333333333333333,3,0.34146341463414637,41,0,0,0,0
537847,2025-10-04 14:00:00+00:00,2025-26,7,Arsenal,West Ham,2,0,H,John Brooks,10.0,11.0,3.0,5,4.0,6.0,11.0,5,0.6829268292682927,41,0.34146341463414637,41,2,0,2,4
537852,2025-10-04 14:00:00+00:00,2025-26,7,Man United,Sunderland,2,0,H,Stuart Attwell,7.0,7.0,10.0,5,8.0,4.0,4.0,5,0.4634146341463415,41,0.3333333333333333,3,0,0,0,0
537849,2025-10-04 16:30:00+00:00,2025-26,7,Chelsea,Liverpool,2,1,H,Anthony Taylor,7.0,11.0,8.0,5,12.0,8.0,5.0,5,0.5853658536585366,41,0.5365853658536586,41,1,1,2,4
537846,2025-10-05 13:00:00+00:00,2025-26,7,Aston Villa,Burnley,2,1,H,Andrew Kitchen,5.0,4.0,6.0,5,4.0,6.0,10.0,5,0.5853658536585366,41,0.13636363636363635,22,2,0,0,2
537850,2025-10-05 13:00:00+00:00,2025-26,7,Everton,Crystal Palace,2,1,H,Michael Salisbury,8.0,7.0,5.0,5,11.0,8.0,3.0,5,0.34146341463414637,41,0.34146341463414637,41,3,1,0,4
537853,2025-10-05 13:00:00+00:00,2025-26,7,Newcastle,Nottingham,2,0,H,Peter Bankes,5.0,4.0,5.0,5,2.0,2.0,9.0,5,0.6097560975609756,41,0.34146341463414637,41,3,0,1,4
537854,2025-10-05 13:00:00+00:00,2025-26,7,Wolverhampton,Brighton Hove,1,1,D,Jarred Gillett,1.0,4.0,9.0,5,7.0,8.0,8.0,5,0.34146341463414637,41,0.3170731707317073,41,0,2,2,4
537848,2025-10-05 15:30:00+00:00,2025-26,7,Brentford,Man City,0,1,A,Darren England,7.0,8.0,8.0,5,7.0,10.0,6.0,5,0.3902439024390244,41,0.5609756097560976,41,0,1,3,4
537862,2025-10-18 11:30:00+00:00,2025-26,8,Nottingham,Chelsea,0,3,A,Chris Kavanagh,1.0,1.0,10.0,5,7.0,8.0,8.0,5,0.36585365853658536,41,0.3902439024390244,41,1,1,2,4
537856,2025-10-18 14:00:00+00:00,2025-26,8,Brighton Hove,Newcastle,2,1,H,Craig Pawson,8.0,9.0,7.0,5,8.0,4.0,2.0,5,0.4146341463414634,41,0.34146341463414637,41,2,2,0,4
537857,2025-10-18 14:00:00+00:00,2025-26,8,Crystal Palace,Bournemouth,3,3,D,Jarred Gillett,10.0,8.0,4.0,5,11.0,8.0,4.0,5,0.36585365853658536,41,0.34146341463414637,41,0,2,2,4
537858,2025-10-18 14:00:00+00:00,2025-26,8,Burnley,Leeds United,2,0,H,Tim Robinson,1.0,5.0,12.0,5,5.0,6.0,6.0,5,0.13636363636363635,22,0.3333333333333333,3,0,0,0,0
537861,2025-10-18 14:00:00+00:00,2025-26,8,Man City,Everton,2,0,H,Tony Harrington,10.0,11.0,4.0,5,8.0,7.0,6.0,5,0.7073170731707317,41,0.2926829268292683,41,3,1,0,4
537855,2025-10-18 14:00:00+00:00,2025-26,8,Sunderland,Wolverhampton,2,0,H,Robert Jones,8.0,4.0,4.0,5,2.0,5.0,9.0,5,0.6666666666666666,3,0.2682926829268293,41,0,0,0,0
537859,2025-10-18 16:30:00+00:00,2025-26,8,Fulham,Arsenal,0,1,A,Anthony Taylor,6.0,6.0,9.0,5,10.0,8.0,3.0,5,0.43902439024390244,41,0.5853658536585366,41,1,2,1,4
537863,2025-10-19 13:00:00+00:00,2025-26,8,Tottenham,Aston Villa,1,2,A,Simon Hooper,8.0,8.0,5.0,5,8.0,6.0,6.0,5,0.4878048780487805,41,0.3902439024390244,41,2,0,2,4
537860,2025-10-19 15:30:00+00:00,2025-26,8,Liverpool,Man United,1,2,A,Michael Oliver,9.0,6.0,5.0,5,9.0,8.0,9.0,5,0.7804878048780488,41,0.2926829268292683,41,1,3,0,4
537864,2025-10-20 19:00:00+00:00,2025-26,8,West Ham,Brentford,0,2,A,Andy Madley,4.0,5.0,8.0,5,4.0,7.0,9.0,5,0.2926829268292683,41,0.2926829268292683,41,1,1,2,4
537871,2025-10-24 19:00:00+00:00,2025-26,9,Leeds United,West Ham,2,1,H,Stuart Attwell,4.0,6.0,8.0,5,1.0,2.0,10.0,5,0.25,4,0.3333333333333333,42,0,0,0,0
537869,2025-10-25 14:00:00+00:00,2025-26,9,Chelsea,Sunderland,1,2,A,Andy Madley,7.0,9.0,8.0,5,8.0,4.0,3.0,5,0.5952380952380952,42,0.25,4,0,0,0,0
537873,2025-10-25 14:00:00+00:00,2025-26,9,Newcastle,Fulham,2,1,H,Tony Harrington,7.0,5.0,4.0,5,6.0,6.0,8.0,5,0.6190476190476191,42,0.2857142857142857,42,2,0,2,4
537872,2025-10-25 16:30:00+00:00,2025-26,9,Man United,Brighton Hove,4,2,H,Anthony Taylor,9.0,7.0,8.0,5,8.0,9.0,7.0,5,0.47619047619047616,42,0.30952380952380953,42,1,0,3,4
537868,2025-10-25 19:00:00+00:00,2025-26,9,Brentford,Liverpool,3,2,H,Simon Hooper,7.0,8.0,7.0,5,6.0,6.0,7.0,5,0.38095238095238093,42,0.5238095238095238,42,0,0,4,4
537865,2025-10-26 14:00:00+00:00,2025-26,9,Bournemouth,Nottingham,2,0,H,Sam Barrott,9.0,10.0,7.0,5,1.0,1.0,10.0,5,0.42857142857142855,42,0.3333333333333333,42,2,2,0,4
537866,2025-10-26 14:00:00+00:00,2025-26,9,Aston Villa,Man City,1,0,H,Michael Oliver,11.0,8.0,4.0,5,13.0,12.0,2.0,5,0.5952380952380952,42,0.5714285714285714,42,2,0,2,4
537867,2025-10-26 14:00:00+00:00,2025-26,9,Arsenal,Crystal Palace,1,0,H,Thomas Bramall,13.0,9.0,2.0,5,8.0,8.0,7.0,5,0.6904761904761905,42,0.3333333333333333,42,3,1,0,4
537874,2025-10-26 14:00:00+00:00,2025-26,9,Wolverhampton,Burnley,2,3,A,Peter Bankes,2.0,3.0,8.0,5,4.0,5.0,9.0,5,0.3333333333333333,42,0.13043478260869565,23,1,1,0,2
537870,2025-10-26 16:30:00+00:00,2025-26,9,Everton,Tottenham,0,3,A,Craig Pawson,5.0,4.0,6.0,5,8.0,9.0,6.0,5,0.35714285714285715,42,0.35714285714285715,42,1,1,2,4
537876,2025-11-01 15:00:00+00:00,2025-26,10,Brighton Hove,Leeds United,3,0,H,Michael Oliver,8.0,10.0,9.0,5,7.0,8.0,8.0,5,0.42857142857142855,42,0.25,4,0,0,0,0
537882,2025-11-01 15:00:00+00:00,2025-26,10,Nottingham,Man United,2,2,D,Darren England,1.0,1.0,9.0,5,12.0,11.0,7.0,5,0.35714285714285715,42,0.30952380952380953,42,3,0,1,4
537877,2025-11-01 15:00:00+00:00,2025-26,10,Crystal Palace,Brentford,2,0,H,Peter Bankes,7.0,8.0,8.0,5,9.0,9.0,7.0,5,0.35714285714285715,42,0.30952380952380953,42,1,1,2,4
537879,2025-11-01 15:00:00+00:00,2025-26,10,Fulham,Wolverhampton,3,0,H,John Brooks,3.0,6.0,10.0,5,2.0,5.0,10.0,5,0.42857142857142855,42,0.2619047619047619,42,2,0,2,4
537878,2025-11-01 15:00:00+00:00,2025-26,10,Burnley,Arsenal,0,2,A,Chris Kavanagh,7.0,8.0,10.0,5,13.0,7.0,2.0,5,0.17391304347826086,23,0.5952380952380952,42,0,0,2,2
537883,2025-11-01 17:30:00+00:00,2025-26,10,Tottenham,Chelsea,0,1,A,Jarred Gillett,8.0,9.0,6.0,5,6.0,8.0,8.0,5,0.47619047619047616,42,0.40476190476190477,42,0,0,4,4
537880,2025-11-01 20:00:00+00:00,2025-26,10,Liverpool,Aston Villa,2,0,H,Stuart Attwell,3.0,7.0,10.0,5,13.0,9.0,4.0,5,0.7619047619047619,42,0.40476190476190477,42,2,2,0,4
537884,2025-11-02 14:00:00+00:00,2025-26,10,West Ham,Newcastle,3,1,H,Robert Jones,1.0,3.0,9.0,5,7.0,6.0,5.0,5,0.2857142857142857,42,0.3333333333333333,42,1,1,2,4
537881,2025-11-02 16:30:00+00:00,2025-26,10,Man City,Bournemouth,3,1,H,Anthony Taylor,10.0,9.0,3.0,5,9.0,10.0,6.0,5,0.7142857142857143,42,0.3333333333333333,42,3,0,1,4
537875,2025-11-03 20:00:00+00:00,2025-26,10,Sunderland,Everton,1,1,D,Thomas Bramall,10.0,6.0,4.0,5,4.0,4.0,9.0,5,0.75,4,0.2857142857142857,42,0,0,0,0
537893,2025-11-08 12:30:00+00:00,2025-26,11,Tottenham,Man United,2,2,D,Sam Barrott,7.0,7.0,5.0,5,10.0,11.0,8.0,5,0.46511627906976744,43,0.3023255813953488,43,3,1,0,4
537890,2025-11-08 15:00:00+00:00,2025-26,11,Everton,Fulham,2,0,H,Andy Madley,5.0,4.0,8.0,5,3.0,6.0,9.0,5,0.3488372093023256,43,0.27906976744186046,43,1,2,1,4
537894,2025-11-08 15:00:00+00:00,2025-26,11,West Ham,Burnley,3,2,H,Michael Salisbury,4.0,5.0,8.0,5,6.0,7.0,11.0,5,0.3023255813953488,43,0.16666666666666666,24,1,1,0,2
537885,2025-11-08 17:30:00+00:00,2025-26,11,Sunderland,Arsenal,2,2,D,Craig Pawson,10.0,6.0,4.0,5,15.0,8.0,1.0,5,0.6,5,0.6046511627906976,43,0,0,0,0
537889,2025-11-08 20:00:00+00:00,2025-26,11,Chelsea,Wolverhampton,3,0,H,Andrew Kitchen,9.0,8.0,6.0,5,2.0,4.0,10.0,5,0.5813953488372093,43,0.2558139534883721,43,2,0,2,4
537886,2025-11-09 14:00:00+00:00,2025-26,11,Aston Villa,Bournemouth,4,0,H,John Brooks,12.0,8.0,5.0,5,8.0,11.0,9.0,5,0.6046511627906976,43,0.32558139534883723,43,2,2,0,4
537887,2025-11-09 14:00:00+00:00,2025-26,11,Crystal Palace,Brighton Hove,0,0,D,Tim Robinson,7.0,8.0,7.0,5,10.0,11.0,7.0,5,0.37209302325581395,43,0.3023255813953488,43,2,1,1,4
537888,2025-11-09 14:00:00+00:00,2025-26,11,Brentford,Newcastle,3,1,H,Stuart Attwell,9.0,8.0,6.0,5,6.0,7.0,8.0,5,0.3953488372093023,43,0.32558139534883723,43,1,0,3,4
537892,2025-11-09 14:00:00+00:00,2025-26,11,Nottingham,Leeds United,3,1,H,Jarred Gillett,1.0,2.0,10.0,5,4.0,5.0,10.0,5,0.3488372093023256,43,0.2,5,0,0,0,0
537891,2025-11-09 16:30:00+00:00,2025-26,11,Man City,Liverpool,3,0,H,Chris Kavanagh,12.0,11.0,3.0,5,3.0,7.0,9.0,5,0.7209302325581395,43,0.5116279069767442,43,0,2,2,4
537898,2025-11-22 12:30:00+00:00,2025-26,12,Burnley,Chelsea,0,2,A,Peter Bankes,6.0,8.0,9.0,5,12.0,10.0,3.0,5,0.16666666666666666,24,0.4186046511627907,43,0,1,1,2
537895,2025-11-22 15:00:00+00:00,2025-26,12,Bournemouth,West Ham,2,2,D,Thomas Bramall,7.0,9.0,11.0,5,6.0,7.0,9.0,5,0.4418604651162791,43,0.32558139534883723,43,0,4,0,4
537896,2025-11-22 15:00:00+00:00,2025-26,12,Brighton Hove,Brentford,2,1,H,Chris Kavanagh,8.0,8.0,6.0,5,9.0,8.0,6.0,5,0.4418604651162791,43,0.3023255813953488,43,1,2,1,4
537899,2025-11-22 15:00:00+00:00,2025-26,12,Fulham,Sunderland,1,0,H,Darren England,3.0,5.0,8.0,5,8.0,7.0,6.0,5,0.4418604651162791,43,0.4,5,0,0,0,0
537900,2025-11-22 15:00:00+00:00,2025-26,12,Liverpool,Nottingham,0,3,A,Andy Madley,3.0,6.0,10.0,5,4.0,5.0,10.0,5,0.7674418604651163,43,0.32558139534883723,43,2,1,1,4
537904,2025-11-22 15:00:00+00:00,2025-26,12,Wolverhampton,Crystal Palace,0,2,A,Anthony Taylor,1.0,3.0,12.0,5,5.0,6.0,6.0,5,0.32558139534883723,43,0.32558139534883723,43,0,1,3,4
537903,2025-11-22 17:30:00+00:00,2025-26,12,Newcastle,Man City,2,1,H,Sam Barrott,6.0,7.0,9.0,5,12.0,9.0,2.0,5,0.627906976744186,43,0.5581395348837209,43,0,1,3,4
537901,2025-11-23 14:00:00+00:00,2025-26,12,Leeds United,Aston Villa,1,2,A,Robert Jones,3.0,4.0,11.0,5,12.0,9.0,4.0,5,0.4,5,0.3953488372093023,43,0,0,0,0
537897,2025-11-23 16:30:00+00:00,2025-26,12,Arsenal,Tottenham,4,1,H,Michael Oliver,13.0,8.0,2.0,5,7.0,8.0,6.0,5,0.6976744186046512,43,0.37209302325581395,43,3,1,0,4
537902,2025-11-24 20:00:00+00:00,2025-26,12,Man United,Everton,0,1,A,Tony Harrington,11.0,12.0,7.0,5,7.0,5.0,7.0,5,0.4883720930232558,43,0.27906976744186046,43,3,1,0,4
537905,2025-11-29 15:00:00+00:00,2025-26,13,Sunderland,Bournemouth,3,2,H,Tim Robinson,8.0,7.0,5.0,5,5.0,8.0,12.0,5,0.5,6,0.3181818181818182,44,0,0,0,0
537908,2025-11-29 15:00:00+00:00,2025-26,13,Brentford,Burnley,3,1,H,Sam Barrott,9.0,9.0,7.0,5,6.0,7.0,9.0,5,0.4090909090909091,44,0.16,25,1,0,1,2
537911,2025-11-29 15:00:00+00:00,2025-26,13,Man City,Leeds United,3,2,H,Peter Bankes,9.0,9.0,4.0,5,3.0,4.0,11.0,5,0.7272727272727273,44,0.16666666666666666,6,0,0,0,0
537910,2025-11-29 17:30:00+00:00,2025-26,13,Everton,Newcastle,1,4,A,Craig Pawson,7.0,4.0,6.0,5,6.0,7.0,10.0,5,0.36363636363636365,44,0.3181818181818182,44,2,2,0,4
537913,2025-11-29 20:00:00+00:00,2025-26,13,Tottenham,Fulham,1,2,A,Stuart Attwell,4.0,7.0,9.0,5,6.0,5.0,5.0,5,0.45454545454545453,44,0.2727272727272727,44,1,1,2,4
537907,2025-11-30 12:00:00+00:00,2025-26,13,Crystal Palace,Man United,1,2,A,Robert Jones,8.0,7.0,4.0,5,8.0,10.0,8.0,5,0.36363636363636365,44,0.29545454545454547,44,3,1,0,4
537914,2025-11-30 14:05:00+00:00,2025-26,13,West Ham,Liverpool,0,2,A,Darren England,7.0,9.0,9.0,5,3.0,5.0,11.0,5,0.3181818181818182,44,0.5,44,0,1,3,4
537906,2025-11-30 14:05:00+00:00,2025-26,13,Aston Villa,Wolverhampton,1,0,H,Chris Kavanagh,12.0,9.0,4.0,5,0.0,2.0,13.0,5,0.6136363636363636,44,0.25,44,2,1,1,4
537912,2025-11-30 14:05:00+00:00,2025-26,13,Nottingham,Brighton Hove,0,2,A,Michael Oliver,7.0,8.0,8.0,5,10.0,9.0,6.0,5,0.36363636363636365,44,0.29545454545454547,44,1,1,2,4
537909,2025-11-30 16:30:00+00:00,2025-26,13,Chelsea,Arsenal,1,1,D,Anthony Taylor,12.0,10.0,2.0,5,13.0,10.0,3.0,5,0.5909090909090909,44,0.5909090909090909,44,0,2,2,4
537915,2025-12-02 19:30:00+00:00,2025-26,14,Bournemouth,Everton,0,1,A,Michael Salisbury,4.0,7.0,12.0,5,7.0,5.0,8.0,5,0.4318181818181818,44,0.29545454545454547,44,3,0,1,4
537919,2025-12-02 19:30:00+00:00,2025-26,14,Fulham,Man City,4,5,A,Craig Pawson,9.0,7.0,5.0,5,9.0,10.0,6.0,5,0.45454545454545453,44,0.5454545454545454,44,0,0,4,4
537923,2025-12-02 20:15:00+00:00,2025-26,14,Newcastle,Tottenham,2,2,D,Thomas Bramall,9.0,10.0,9.0,5,4.0,7.0,9.0,5,0.6363636363636364,44,0.36363636363636365,44,3,0,1,4
537916,2025-12-03 19:30:00+00:00,2025-26,14,Brighton Hove,Aston Villa,3,4,A,Andy Madley,10.0,9.0,5.0,5,12.0,8.0,3.0,5,0.45454545454545453,44,0.4090909090909091,44,1,1,2,4
537917,2025-12-03 19:30:00+00:00,2025-26,14,Arsenal,Brentford,2,0,H,Tony Harrington,11.0,10.0,4.0,5,9.0,10.0,8.0,5,0.7045454545454546,44,0.29545454545454547,44,3,1,0,4
537918,2025-12-03 19:30:00+00:00,2025-26,14,Burnley,Crystal Palace,0,1,A,Thomas Kirk,3.0,6.0,12.0,5,7.0,5.0,3.0,5,0.16,25,0.3409090909090909,44,0,0,2,2
537924,2025-12-03 19:30:00+00:00,2025-26,14,Wolverhampton,Nottingham,0,1,A,Tim Robinson,0.0,2.0,12.0,5,7.0,8.0,7.0,5,0.3181818181818182,44,0.3409090909090909,44,0,3,1,4
537920,2025-12-03 20:15:00+00:00,2025-26,14,Liverpool,Sunderland,1,1,D,Stuart Attwell,6.0,6.0,9.0,5,8.0,8.0,7.0,5,0.75,44,0.3333333333333333,6,0,0,0,0
537921,2025-12-03 20:15:00+00:00,2025-26,14,Leeds United,Chelsea,3,1,H,Darren England,3.0,6.0,12.0,5,10.0,8.0,3.0,5,0.3333333333333333,6,0.4318181818181818,44,0,0,0,0
537922,2025-12-04 20:00:00+00:00,2025-26,14,Man United,West Ham,1,1,D,Andrew Kitchen,8.0,10.0,8.0,5,7.0,9.0,9.0,5,0.4772727272727273,44,0.3181818181818182,44,1,0,3,4
537926,2025-12-06 12:30:00+00:00,2025-26,15,Aston Villa,Arsenal,2,1,H,Peter Bankes,12.0,11.0,6.0,5,11.0,11.0,4.0,5,0.6222222222222222,45,0.5777777777777777,45,2,1,1,4
537928,2025-12-06 15:00:00+00:00,2025-26,15,Everton,Nottingham,3,0,H,Chris Kavanagh,10.0,6.0,5.0,5,10.0,9.0,5.0,5,0.35555555555555557,45,0.35555555555555557,45,3,0,1,4
537925,2025-12-06 15:00:00+00:00,2025-26,15,Bournemouth,Chelsea,0,0,D,Michael Oliver,1.0,5.0,13.0,5,10.0,8.0,4.0,5,0.4222222222222222,45,0.4222222222222222,45,0,2,2,4
537931,2025-12-06 15:00:00+00:00,2025-26,15,Man City,Sunderland,3,0,H,Andy Madley,12.0,15.0,9.0,5,6.0,7.0,7.0,5,0.7333333333333333,45,0.2857142857142857,7,0,0,0,0
537933,2025-12-06 15:00:00+00:00,2025-26,15,Tottenham,Brentford,2,0,H,Robert Jones,2.0,6.0,11.0,5,6.0,7.0,8.0,5,0.4444444444444444,45,0.28888888888888886,45,3,1,0,4
537932,2025-12-06 15:00:00+00:00,2025-26,15,Newcastle,Burnley,2,1,H,Stuart Attwell,7.0,10.0,10.0,5,0.0,3.0,11.0,5,0.6222222222222222,45,0.15384615384615385,26,2,0,0,2
537930,2025-12-06 17:30:00+00:00,2025-26,15,Leeds United,Liverpool,3,3,D,Anthony Taylor,3.0,7.0,12.0,5,7.0,5.0,7.0,5,0.42857142857142855,7,0.5111111111111111,45,0,0,0,0
537927,2025-12-07 14:00:00+00:00,2025-26,15,Brighton Hove,West Ham,1,1,D,Simon Hooper,10.0,10.0,5.0,5,8.0,9.0,8.0,5,0.4444444444444444,45,0.3111111111111111,45,1,2,1,4
537929,2025-12-07 16:30:00+00:00,2025-26,15,Fulham,Crystal Palace,1,2,A,Sam Barrott,9.0,10.0,8.0,5,10.0,6.0,2.0,5,0.4444444444444444,45,0.35555555555555557,45,1,2,1,4
537934,2025-12-08 20:00:00+00:00,2025-26,15,Wolverhampton,Man United,1,4,A,Michael Salisbury,0.0,0.0,10.0,5,6.0,7.0,7.0,5,0.3111111111111111,45,0.3111111111111111,45,2,0,2,4
537940,2025-12-13 15:00:00+00:00,2025-26,16,Chelsea,Everton,2,0,H,Thomas Bramall,8.0,7.0,4.0,5,12.0,8.0,4.0,5,0.5777777777777777,45,0.3111111111111111,45,2,1,1,4
537941,2025-12-13 15:00:00+00:00,2025-26,16,Liverpool,Brighton Hove,2,0,H,Craig Pawson,5.0,6.0,10.0,5,8.0,8.0,6.0,5,0.7333333333333333,45,0.3111111111111111,45,2,1,1,4
537939,2025-12-13 17:30:00+00:00,2025-26,16,Burnley,Fulham,2,3,A,Michael Oliver,0.0,4.0,11.0,5,6.0,8.0,10.0,5,0.15384615384615385,26,0.28888888888888886,45,1,1,0,2
537937,2025-12-13 20:00:00+00:00,2025-26,16,Arsenal,Wolverhampton,2,1,H,Robert Jones,8.0,10.0,6.0,5,0.0,1.0,11.0,5,0.7111111111111111,45,0.24444444444444444,45,4,0,0,4
537935,2025-12-14 14:00:00+00:00,2025-26,16,Sunderland,Newcastle,1,0,H,Peter Bankes,5.0,6.0,9.0,5,10.0,11.0,8.0,5,0.5714285714285714,7,0.3333333333333333,45,0,0,0,0
537936,2025-12-14 14:00:00+00:00,2025-26,16,Crystal Palace,Man City,0,3,A,Darren England,10.0,6.0,3.0,5,12.0,15.0,8.0,5,0.35555555555555557,45,0.5555555555555556,45,0,2,2,4
537943,2025-12-14 14:00:00+00:00,2025-26,16,Nottingham,Tottenham,3,0,H,Sam Barrott,9.0,7.0,6.0,5,5.0,8.0,10.0,5,0.35555555555555557,45,0.35555555555555557,45,2,0,2,4
537944,2025-12-14 14:00:00+00:00,2025-26,16,West Ham,Aston Villa,2,3,A,Anthony Taylor,6.0,7.0,8.0,5,15.0,13.0,5.0,5,0.3111111111111111,45,0.4222222222222222,45,0,2,2,4
537938,2025-12-14 16:30:00+00:00,2025-26,16,Brentford,Leeds United,1,1,D,John Brooks,6.0,7.0,8.0,5,4.0,10.0,12.0,5,0.4222222222222222,45,0.14285714285714285,7,0,0,0,0
537942,2025-12-15 20:00:00+00:00,2025-26,16,Man United,Bournemouth,4,4,D,Simon Hooper,8.0,9.0,6.0,5,2.0,4.0,10.0,5,0.4666666666666667,45,0.3111111111111111,45,0,2,2,4
537952,2025-12-20 12:30:00+00:00,2025-26,17,Newcastle,Chelsea,2,2,D,Andy Madley,10.0,10.0,6.0,5,8.0,6.0,4.0,5,0.6304347826086957,46,0.41304347826086957,46,2,0,2,4
537945,2025-12-20 15:00:00+00:00,2025-26,17,Bournemouth,Burnley,1,1,D,Chris Kavanagh,3.0,8.0,10.0,5,0.0,4.0,11.0,5,0.41304347826086957,46,0.14814814814814814,27,2,0,0,2
537947,2025-12-20 15:00:00+00:00,2025-26,17,Brighton Hove,Sunderland,0,0,D,Darren England,7.0,8.0,8.0,5,7.0,5.0,7.0,5,0.43478260869565216,46,0.25,8,0,0,0,0
537951,2025-12-20 15:00:00+00:00,2025-26,17,Man City,West Ham,3,0,H,Paul Tierney,12.0,15.0,8.0,5,3.0,6.0,9.0,5,0.7391304347826086,46,0.30434782608695654,46,4,0,0,4
537954,2025-12-20 15:00:00+00:00,2025-26,17,Wolverhampton,Brentford,0,2,A,Matt Donohue,0.0,2.0,10.0,5,4.0,5.0,8.0,5,0.30434782608695654,46,0.2826086956521739,46,1,1,2,4
537953,2025-12-20 17:30:00+00:00,2025-26,17,Tottenham,Liverpool,1,2,A,John Brooks,4.0,6.0,11.0,5,8.0,8.0,7.0,5,0.45652173913043476,46,0.5,46,1,0,3,4
537948,2025-12-20 20:00:00+00:00,2025-26,17,Everton,Arsenal,0,1,A,Sam Barrott,9.0,6.0,6.0,5,10.0,10.0,5.0,5,0.3695652173913043,46,0.5652173913043478,46,0,2,2,4
537950,2025-12-20 20:00:00+00:00,2025-26,17,Leeds United,Crystal Palace,4,1,H,Thomas Bramall,5.0,10.0,10.0,5,9.0,6.0,6.0,5,0.375,8,0.3695652173913043,46,0,0,0,0
537946,2025-12-21 16:30:00+00:00,2025-26,17,Aston Villa,Man United,2,1,H,Michael Oliver,15.0,12.0,7.0,5,8.0,11.0,8.0,5,0.6304347826086957,46,0.32608695652173914,46,0,1,3,4
537949,2025-12-22 20:00:00+00:00,2025-26,17,Fulham,Nottingham,1,0,H,Anthony Taylor,9.0,11.0,10.0,5,9.0,7.0,5.0,5,0.43478260869565216,46,0.34782608695652173,46,3,0,1,4
537962,2025-12-26 20:00:00+00:00,2025-26,18,Man United,Newcastle,1,0,H,Anthony Taylor,8.0,12.0,9.0,5,8.0,10.0,7.0,5,0.45652173913043476,46,0.32608695652173914,46,1,0,3,4
537963,2025-12-27 12:30:00+00:00,2025-26,18,Nottingham,Man City,1,2,A,Robert Jones,6.0,4.0,6.0,5,15.0,17.0,6.0,5,0.3695652173913043,46,0.5652173913043478,46,1,0,3,4
537957,2025-12-27 15:00:00+00:00,2025-26,18,Arsenal,Brighton Hove,2,1,H,John Brooks,10.0,7.0,4.0,5,5.0,6.0,7.0,5,0.717391304347826,46,0.30434782608695654,46,2,2,0,4
537958,2025-12-27 15:00:00+00:00,2025-26,18,Brentford,Bournemouth,4,1,H,Peter Bankes,7.0,6.0,6.0,5,3.0,7.0,9.0,5,0.41304347826086957,46,0.30434782608695654,46,3,1,0,4
537959,2025-12-27 15:00:00+00:00,2025-26,18,Burnley,Everton,0,0,D,Craig Pawson,1.0,5.0,10.0,5,6.0,5.0,7.0,5,0.14814814814814814,27,0.30434782608695654,46,0,0,2,2
537961,2025-12-27 15:00:00+00:00,2025-26,18,Liverpool,Wolverhampton,2,1,H,Simon Hooper,11.0,10.0,5.0,5,0.0,2.0,10.0,5,0.7391304347826086,46,0.2391304347826087,46,4,0,0,4
537964,2025-12-27 15:00:00+00:00,2025-26,18,West Ham,Fulham,0,1,A,Chris Kavanagh,2.0,4.0,10.0,5,9.0,11.0,10.0,5,0.30434782608695654,46,0.30434782608695654,46,1,1,2,4
537960,2025-12-27 17:30:00+00:00,2025-26,18,Chelsea,Aston Villa,1,2,A,Stuart Attwell,6.0,6.0,6.0,5,15.0,12.0,7.0,5,0.5869565217391305,46,0.43478260869565216,46,1,1,2,4
537955,2025-12-28 14:00:00+00:00,2025-26,18,Sunderland,Leeds United,1,1,D,Tony Harrington,8.0,5.0,6.0,5,8.0,13.0,9.0,5,0.625,8,0.125,8,0,0,0,0
537956,2025-12-28 16:30:00+00:00,2025-26,18,Crystal Palace,Tottenham,0,1,A,Jarred Gillett,6.0,5.0,10.0,5,4.0,6.0,9.0,5,0.34782608695652173,46,0.34782608695652173,46,2,0,2,4
537970,2025-12-30 19:30:00+00:00,2025-26,19,Chelsea,Bournemouth,2,2,D,Sam Barrott,5.0,6.0,7.0,5,3.0,6.0,10.0,5,0.574468085106383,47,0.2978723404255319,47,2,3,0,5
537969,2025-12-30 19:30:00+00:00,2025-26,19,Burnley,Newcastle,1,3,A,Robert Jones,2.0,4.0,7.0,5,5.0,6.0,7.0,5,0.14285714285714285,28,0.3191489361702128,47,0,0,3,3
537974,2025-12-30 19:30:00+00:00,2025-26,19,West Ham,Brighton Hove,2,2,D,Michael Salisbury,2.0,4.0,9.0,5,2.0,5.0,9.0,5,0.2978723404255319,47,0.2978723404255319,47,1,3,1,5
537973,2025-12-30 19:30:00+00:00,2025-26,19,Nottingham,Everton,0,2,A,Michael Oliver,6.0,5.0,6.0,5,7.0,4.0,3.0,5,0.3617021276595745,47,0.2978723404255319,47,1,0,4,5
537967,2025-12-30 20:15:00+00:00,2025-26,19,Arsenal,Aston Villa,4,1,H,Darren England,12.0,8.0,4.0,5,15.0,13.0,8.0,5,0.723404255319149,47,0.44680851063829785,47,1,1,3,5
537972,2025-12-30 20:15:00+00:00,2025-26,19,Man United,Wolverhampton,1,1,D,Thomas Bramall,8.0,11.0,8.0,5,0.0,3.0,11.0,5,0.46808510638297873,47,0.23404255319148937,47,3,0,2,5
537966,2026-01-01 17:30:00+00:00,2025-26,19,Crystal Palace,Fulham,1,1,D,Tony Harrington,6.0,4.0,9.0,5,9.0,10.0,9.0,5,0.3404255319148936,47,0.3191489361702128,47,2,2,1,5
537971,2026-01-01 17:30:00+00:00,2025-26,19,Liverpool,Leeds United,0,0,D,Chris Kavanagh,11.0,10.0,6.0,5,9.0,12.0,7.0,5,0.7446808510638298,47,0.1111111111111111,9,0,1,0,1
537965,2026-01-01 20:00:00+00:00,2025-26,19,Sunderland,Man City,0,0,D,Jarred Gillett,6.0,3.0,5.0,5,15.0,16.0,5.0,5,0.5555555555555556,9,0.574468085106383,47,0,0,1,1
537968,2026-01-01 20:00:00+00:00,2025-26,19,Brentford,Tottenham,0,0,D,Andy Madley,7.0,7.0,6.0,5,7.0,6.0,7.0,5,0.425531914893617,47,0.3617021276595745,47,0,1,4,5
537976,2026-01-03 12:30:00+00:00,2025-26,20,Aston Villa,Nottingham,3,1,H,Simon Hooper,12.0,10.0,9.0,5,3.0,4.0,8.0,5,0.6382978723404256,47,0.3404255319148936,47,2,0,2,4
537977,2026-01-03 15:00:00+00:00,2025-26,20,Brighton Hove,Burnley,2,0,H,Tim Robinson,3.0,4.0,7.0,5,2.0,5.0,9.0,5,0.425531914893617,47,0.14285714285714285,28,0,2,0,2
537984,2026-01-03 15:00:00+00:00,2025-26,20,Wolverhampton,West Ham,3,0,H,Peter Bankes,1.0,4.0,11.0,5,2.0,5.0,10.0,5,0.2978723404255319,47,0.2978723404255319,47,1,0,3,4
537975,2026-01-03 17:30:00+00:00,2025-26,20,Bournemouth,Arsenal,2,3,A,Chris Kavanagh,4.0,8.0,11.0,5,12.0,10.0,5.0,5,0.40425531914893614,47,0.574468085106383,47,2,0,2,4
537980,2026-01-04 12:30:00+00:00,2025-26,20,Leeds United,Man United,1,1,D,Jarred Gillett,7.0,9.0,6.0,5,8.0,11.0,8.0,5,0.4444444444444444,9,0.3191489361702128,47,0,0,0,0
537983,2026-01-04 15:00:00+00:00,2025-26,20,Tottenham,Sunderland,1,1,D,Stuart Attwell,7.0,4.0,5.0,5,6.0,2.0,4.0,5,0.44680851063829785,47,0.2222222222222222,9,0,0,0,0
537978,2026-01-04 15:00:00+00:00,2025-26,20,Everton,Brentford,2,4,A,Anthony Taylor,7.0,5.0,3.0,5,8.0,7.0,4.0,5,0.3617021276595745,47,0.2978723404255319,47,2,2,0,4
537982,2026-01-04 15:00:00+00:00,2025-26,20,Newcastle,Crystal Palace,2,0,H,John Brooks,7.0,7.0,6.0,5,4.0,4.0,10.0,5,0.6170212765957447,47,0.3617021276595745,47,2,1,1,4
537979,2026-01-04 15:15:00+00:00,2025-26,20,Fulham,Liverpool,2,2,D,Craig Pawson,10.0,7.0,5.0,5,11.0,9.0,5.0,5,0.44680851063829785,47,0.5106382978723404,47,1,1,2,4
537981,2026-01-04 17:30:00+00:00,2025-26,20,Man City,Chelsea,1,1,D,Michael Oliver,13.0,11.0,1.0,5,6.0,7.0,6.0,5,0.7446808510638298,47,0.40425531914893614,47,2,2,0,4
537994,2026-01-06 20:00:00+00:00,2025-26,21,West Ham,Nottingham,1,2,A,Tony Harrington,1.0,4.0,12.0,5,3.0,5.0,8.0,5,0.2916666666666667,48,0.3333333333333333,48,2,0,3,5
537985,2026-01-07 19:30:00+00:00,2025-26,21,Bournemouth,Tottenham,3,2,H,Darren England,3.0,10.0,14.0,5,5.0,3.0,6.0,5,0.3958333333333333,48,0.3541666666666667,48,2,1,2,5
537986,2026-01-07 19:30:00+00:00,2025-26,21,Crystal Palace,Aston Villa,0,0,D,Andy Madley,1.0,2.0,11.0,5,12.0,11.0,9.0,5,0.3333333333333333,48,0.4375,48,3,1,1,5
537988,2026-01-07 19:30:00+00:00,2025-26,21,Brentford,Sunderland,3,0,H,Matt Donohue,11.0,11.0,4.0,5,7.0,3.0,2.0,5,0.4166666666666667,48,0.2,10,0,0,1,1
537990,2026-01-07 19:30:00+00:00,2025-26,21,Everton,Wolverhampton,1,1,D,Thomas Kirk,4.0,4.0,7.0,5,4.0,6.0,7.0,5,0.3541666666666667,48,0.22916666666666666,48,2,1,2,5
537991,2026-01-07 19:30:00+00:00,2025-26,21,Fulham,Chelsea,2,1,H,Peter Bankes,11.0,8.0,5.0,5,6.0,8.0,7.0,5,0.4375,48,0.3958333333333333,48,1,0,4,5
537992,2026-01-07 19:30:00+00:00,2025-26,21,Man City,Brighton Hove,1,1,D,Thomas Bramall,11.0,9.0,2.0,5,5.0,5.0,6.0,5,0.7291666666666666,48,0.2916666666666667,48,2,1,2,5
537989,2026-01-07 20:15:00+00:00,2025-26,21,Burnley,Man United,2,2,D,Stuart Attwell,2.0,4.0,9.0,5,6.0,8.0,8.0,5,0.13793103448275862,29,0.3125,48,0,1,2,3
537993,2026-01-07 20:15:00+00:00,2025-26,21,Newcastle,Leeds United,4,3,H,Michael Salisbury,7.0,7.0,5.0,5,7.0,7.0,4.0,5,0.625,48,0.1,10,0,1,0,1
537987,2026-01-08 20:00:00+00:00,2025-26,21,Arsenal,Liverpool,0,0,D,Anthony Taylor,15.0,12.0,5.0,5,11.0,8.0,4.0,5,0.7291666666666666,48,0.5,48,1,3,1,5
538001,2026-01-17 12:30:00+00:00,2025-26,22,Man United,Man City,2,0,H,Anthony Taylor,6.0,6.0,6.0,5,9.0,7.0,3.0,5,0.4583333333333333,48,0.5625,48,1,1,3,5
538000,2026-01-17 15:00:00+00:00,2025-26,22,Leeds United,Fulham,1,0,H,Chris Kavanagh,6.0,9.0,7.0,5,11.0,7.0,4.0,5,0.4,10,0.3125,48,0,0,1,1
538003,2026-01-17 15:00:00+00:00,2025-26,22,Tottenham,West Ham,1,2,A,Jarred Gillett,5.0,5.0,6.0,5,1.0,3.0,11.0,5,0.4375,48,0.2916666666666667,48,2,2,1,5
537995,2026-01-17 15:00:00+00:00,2025-26,22,Sunderland,Crystal Palace,2,1,H,Robert Jones,4.0,2.0,5.0,5,2.0,2.0,8.0,5,0.5,10,0.3541666666666667,48,0,1,0,1
537998,2026-01-17 15:00:00+00:00,2025-26,22,Chelsea,Brentford,2,0,H,John Brooks,3.0,7.0,9.0,5,13.0,13.0,3.0,5,0.5625,48,0.3125,48,1,3,1,5
537999,2026-01-17 15:00:00+00:00,2025-26,22,Liverpool,Burnley,1,1,D,Andy Madley,9.0,6.0,4.0,5,3.0,4.0,8.0,5,0.7291666666666666,48,0.13793103448275862,29,3,0,0,3
538002,2026-01-17 17:30:00+00:00,2025-26,22,Nottingham,Arsenal,0,0,D,Michael Oliver,3.0,4.0,9.0,5,13.0,10.0,4.0,5,0.3541666666666667,48,0.5833333333333334,48,0,1,4,5
538004,2026-01-18 14:00:00+00:00,2025-26,22,Wolverhampton,Newcastle,0,0,D,Sam Barrott,5.0,6.0,6.0,5,10.0,11.0,7.0,5,0.3125,48,0.3333333333333333,48,0,1,4,5
537996,2026-01-18 16:30:00+00:00,2025-26,22,Aston Villa,Everton,0,1,A,Tony Harrington,10.0,8.0,7.0,5,5.0,5.0,6.0,5,0.6458333333333334,48,0.3125,48,3,2,0,5
537997,2026-01-19 20:00:00+00:00,2025-26,22,Brighton Hove,Bournemouth,1,1,D,Paul Tierney,6.0,6.0,5.0,5,5.0,9.0,12.0,5,0.4375,48,0.2916666666666667,48,3,0,2,5
538014,2026-01-24 12:30:00+00:00,2025-26,23,West Ham,Sunderland,3,1,H,Thomas Bramall,4.0,5.0,9.0,5,6.0,4.0,6.0,5,0.2857142857142857,49,0.18181818181818182,11,0,0,1,1
538009,2026-01-24 15:00:00+00:00,2025-26,23,Burnley,Tottenham,2,2,D,Peter Bankes,3.0,4.0,8.0,5,5.0,5.0,6.0,5,0.13333333333333333,30,0.3469387755102041,49,0,0,3,3
538011,2026-01-24 15:00:00+00:00,2025-26,23,Fulham,Brighton Hove,2,1,H,Michael Oliver,8.0,6.0,5.0,5,6.0,7.0,6.0,5,0.4489795918367347,49,0.2857142857142857,49,2,2,1,5
538012,2026-01-24 15:00:00+00:00,2025-26,23,Man City,Wolverhampton,2,0,H,Farai Hallam,6.0,4.0,5.0,5,6.0,6.0,4.0,5,0.7142857142857143,49,0.22448979591836735,49,4,0,1,5
538005,2026-01-24 17:30:00+00:00,2025-26,23,Bournemouth,Liverpool,3,2,H,Michael Salisbury,5.0,9.0,12.0,5,7.0,5.0,4.0,5,0.40816326530612246,49,0.4897959183673469,49,0,0,5,5
538006,2026-01-25 14:00:00+00:00,2025-26,23,Crystal Palace,Chelsea,1,3,A,Darren England,2.0,2.0,6.0,5,5.0,7.0,7.0,5,0.32653061224489793,49,0.3877551020408163,49,0,3,2,5
538008,2026-01-25 14:00:00+00:00,2025-26,23,Brentford,Nottingham,0,2,A,Sam Barrott,10.0,11.0,5.0,5,4.0,4.0,8.0,5,0.42857142857142855,49,0.3469387755102041,49,2,1,2,5
538013,2026-01-25 14:00:00+00:00,2025-26,23,Newcastle,Aston Villa,0,2,A,Jarred Gillett,10.0,9.0,5.0,5,7.0,6.0,7.0,5,0.6326530612244898,49,0.42857142857142855,49,3,1,1,5
538007,2026-01-25 16:30:00+00:00,2025-26,23,Arsenal,Man United,2,3,A,Craig Pawson,11.0,9.0,4.0,5,9.0,7.0,4.0,5,0.7142857142857143,49,0.30612244897959184,49,4,1,0,5
538010,2026-01-26 20:00:00+00:00,2025-26,23,Everton,Leeds United,1,1,D,Simon Hooper,8.0,6.0,5.0,5,6.0,6.0,6.0,5,0.3469387755102041,49,0.09090909090909091,11,0,0,1,1
538017,2026-01-31 15:00:00+00:00,2025-26,24,Brighton Hove,Everton,1,1,D,Chris Kavanagh,6.0,7.0,6.0,5,8.0,7.0,6.0,5,0.42857142857142855,49,0.32653061224489793,49,1,2,2,5
538020,2026-01-31 15:00:00+00:00,2025-26,24,Leeds United,Arsenal,0,4,A,Stuart Attwell,6.0,6.0,6.0,5,8.0,9.0,6.0,5,0.45454545454545453,11,0.5714285714285714,49,0,0,1,1
538024,2026-01-31 15:00:00+00:00,2025-26,24,Wolverhampton,Bournemouth,0,2,A,Michael Oliver,6.0,5.0,4.0,5,8.0,11.0,10.0,5,0.30612244897959184,49,0.2857142857142857,49,2,0,3,5
538018,2026-01-31 17:30:00+00:00,2025-26,24,Chelsea,West Ham,3,2,H,Anthony Taylor,8.0,9.0,6.0,5,7.0,8.0,9.0,5,0.5714285714285714,49,0.30612244897959184,49,4,0,1,5
538019,2026-01-31 20:00:00+00:00,2025-26,24,Liverpool,Newcastle,4,1,H,Simon Hooper,4.0,5.0,6.0,5,10.0,9.0,6.0,5,0.7142857142857143,49,0.32653061224489793,49,4,1,0,5
538016,2026-02-01 14:00:00+00:00,2025-26,24,Aston Villa,Brentford,0,1,A,Tim Robinson,7.0,6.0,6.0,5,7.0,7.0,6.0,5,0.6326530612244898,49,0.30612244897959184,49,3,1,1,5
538021,2026-02-01 14:00:00+00:00,2025-26,24,Man United,Fulham,3,2,H,John Brooks,9.0,9.0,6.0,5,8.0,7.0,6.0,5,0.46938775510204084,49,0.30612244897959184,49,3,1,1,5
538022,2026-02-01 14:00:00+00:00,2025-26,24,Nottingham,Crystal Palace,1,1,D,Michael Salisbury,7.0,5.0,6.0,5,2.0,3.0,8.0,5,0.3469387755102041,49,0.3469387755102041,49,1,4,0,5
538023,2026-02-01 16:30:00+00:00,2025-26,24,Tottenham,Man City,2,2,D,Robert Jones,3.0,6.0,8.0,5,6.0,4.0,4.0,5,0.42857142857142855,49,0.5510204081632653,49,2,1,2,5
538015,2026-02-02 20:00:00+00:00,2025-26,24,Sunderland,Burnley,3,0,H,Paul Tierney,5.0,4.0,8.0,5,3.0,6.0,10.0,5,0.5454545454545454,11,0.13333333333333333,30,0,0,1,1
538031,2026-02-06 20:00:00+00:00,2025-26,25,Leeds United,Nottingham,3,1,H,Peter Bankes,5.0,6.0,10.0,5,8.0,6.0,5.0,5,0.4166666666666667,12,0.36,50,0,0,1,1
538032,2026-02-07 12:30:00+00:00,2025-26,25,Man United,Tottenham,2,0,H,Michael Oliver,11.0,11.0,7.0,5,3.0,8.0,10.0,5,0.48,50,0.34,50,0,2,3,5
538025,2026-02-07 15:00:00+00:00,2025-26,25,Bournemouth,Aston Villa,1,1,D,Anthony Taylor,10.0,11.0,8.0,5,7.0,5.0,3.0,5,0.42,50,0.44,50,0,2,3,5
538027,2026-02-07 15:00:00+00:00,2025-26,25,Arsenal,Sunderland,3,0,H,Sam Barrott,8.0,9.0,5.0,5,7.0,7.0,8.0,5,0.7,50,0.16666666666666666,12,0,1,0,1
538028,2026-02-07 15:00:00+00:00,2025-26,25,Burnley,West Ham,0,2,A,Darren England,3.0,5.0,10.0,5,6.0,8.0,10.0,5,0.12903225806451613,31,0.3,50,0,1,2,3
538029,2026-02-07 15:00:00+00:00,2025-26,25,Fulham,Everton,1,2,A,Stuart Attwell,7.0,8.0,8.0,5,6.0,6.0,7.0,5,0.46,50,0.32,50,1,2,2,5
538034,2026-02-07 15:00:00+00:00,2025-26,25,Wolverhampton,Chelsea,1,3,A,Jarred Gillett,5.0,4.0,5.0,5,10.0,10.0,6.0,5,0.3,50,0.4,50,2,0,3,5
538033,2026-02-07 17:30:00+00:00,2025-26,25,Newcastle,Brentford,2,3,A,Andy Madley,7.0,7.0,9.0,5,9.0,8.0,6.0,5,0.62,50,0.32,50,3,0,2,5
538026,2026-02-08 14:00:00+00:00,2025-26,25,Brighton Hove,Crystal Palace,0,1,A,Thomas Bramall,6.0,6.0,5.0,5,2.0,3.0,8.0,5,0.42,50,0.34,50,1,2,2,5
538030,2026-02-08 16:30:00+00:00,2025-26,25,Liverpool,Man City,1,2,A,Craig Pawson,6.0,9.0,7.0,5,6.0,6.0,6.0,5,0.72,50,0.54,50,2,2,1,5
538039,2026-02-10 19:30:00+00:00,2025-26,26,Chelsea,Leeds United,2,2,D,Robert Jones,12.0,12.0,6.0,5,7.0,8.0,10.0,5,0.58,50,0.08333333333333333,12,0,0,1,1
538040,2026-02-10 19:30:00+00:00,2025-26,26,Everton,Bournemouth,1,2,A,Andy Madley,9.0,6.0,4.0,5,11.0,10.0,6.0,5,0.34,50,0.3,50,2,0,3,5
538043,2026-02-10 19:30:00+00:00,2025-26,26,Tottenham,Newcastle,1,2,A,Anthony Taylor,2.0,7.0,11.0,5,4.0,7.0,12.0,5,0.42,50,0.32,50,1,1,3,5
538044,2026-02-10 20:15:00+00:00,2025-26,26,West Ham,Man United,1,1,D,Simon Hooper,9.0,10.0,7.0,5,13.0,12.0,6.0,5,0.3,50,0.32,50,3,1,1,5
538036,2026-02-11 19:30:00+00:00,2025-26,26,Aston Villa,Brighton Hove,1,0,H,Peter Bankes,5.0,3.0,3.0,5,3.0,4.0,6.0,5,0.62,50,0.28,50,3,1,1,5
538041,2026-02-11 19:30:00+00:00,2025-26,26,Man City,Fulham,3,0,H,Paul Tierney,8.0,7.0,6.0,5,6.0,7.0,8.0,5,0.72,50,0.3,50,5,0,0,5
538042,2026-02-11 19:30:00+00:00,2025-26,26,Nottingham,Wolverhampton,0,0,D,Tim Robinson,8.0,6.0,5.0,5,2.0,2.0,8.0,5,0.34,50,0.22,50,2,3,0,5
538037,2026-02-11 19:40:00+00:00,2025-26,26,Crystal Palace,Burnley,2,3,A,Farai Hallam,5.0,4.0,6.0,5,3.0,5.0,10.0,5,0.32,50,0.12903225806451613,31,3,0,0,3
538035,2026-02-11 20:15:00+00:00,2025-26,26,Sunderland,Liverpool,0,1,A,Chris Kavanagh,6.0,6.0,10.0,5,5.0,8.0,7.0,5,0.5833333333333334,12,0.48,50,0,1,0,1
538038,2026-02-12 20:00:00+00:00,2025-26,26,Brentford,Arsenal,1,1,D,Tony Harrington,9.0,7.0,6.0,5,8.0,9.0,3.0,5,0.42,50,0.58,50,0,1,4,5
538094,2026-02-18 20:00:00+00:00,2025-26,31,Wolverhampton,Arsenal,2,2,D,Paul Tierney,2.0,1.0,7.0,5,8.0,10.0,4.0,5,0.29411764705882354,51,0.5686274509803921,51,0,0,5,5
538046,2026-02-21 15:00:00+00:00,2025-26,27,Aston Villa,Leeds United,1,1,D,Michael Oliver,7.0,4.0,3.0,5,8.0,7.0,8.0,5,0.6274509803921569,51,0.07692307692307693,13,1,0,0,1
538048,2026-02-21 15:00:00+00:00,2025-26,27,Brentford,Brighton Hove,0,2,A,Jarred Gillett,7.0,5.0,7.0,5,2.0,3.0,6.0,5,0.4117647058823529,51,0.27450980392156865,51,1,2,2,5
538049,2026-02-21 15:00:00+00:00,2025-26,27,Chelsea,Burnley,1,1,D,Lewis Smith,13.0,13.0,6.0,5,5.0,6.0,10.0,5,0.5686274509803921,51,0.15625,32,2,1,0,3
538054,2026-02-21 17:30:00+00:00,2025-26,27,West Ham,Bournemouth,0,0,D,Sam Barrott,10.0,10.0,6.0,5,11.0,9.0,5.0,5,0.29411764705882354,51,0.3137254901960784,51,0,5,0,5
538051,2026-02-21 20:00:00+00:00,2025-26,27,Man City,Newcastle,2,1,H,Thomas Bramall,10.0,9.0,5.0,5,4.0,5.0,10.0,5,0.7254901960784313,51,0.3333333333333333,51,3,1,1,5
538045,2026-02-22 14:00:00+00:00,2025-26,27,Sunderland,Fulham,1,3,A,Craig Pawson,6.0,6.0,8.0,5,3.0,5.0,10.0,5,0.5384615384615384,13,0.29411764705882354,51,0,0,1,1
538047,2026-02-22 14:00:00+00:00,2025-26,27,Crystal Palace,Wolverhampton,1,0,H,Thomas Kirk,4.0,6.0,9.0,5,2.0,3.0,9.0,5,0.3137254901960784,51,0.21568627450980393,51,4,1,0,5
538052,2026-02-22 14:00:00+00:00,2025-26,27,Nottingham,Liverpool,0,1,A,Anthony Taylor,6.0,4.0,4.0,5,7.0,9.0,7.0,5,0.3333333333333333,51,0.49019607843137253,51,2,1,2,5
538053,2026-02-22 16:30:00+00:00,2025-26,27,Tottenham,Arsenal,1,4,A,Peter Bankes,2.0,6.0,10.0,5,8.0,12.0,6.0,5,0.4117647058823529,51,0.5576923076923077,52,0,1,4,5
538050,2026-02-23 20:00:00+00:00,2025-26,27,Everton,Man United,0,1,A,Darren England,8.0,6.0,5.0,5,13.0,11.0,5.0,5,0.3333333333333333,51,0.3137254901960784,51,1,1,3,5
538064,2026-02-27 20:00:00+00:00,2025-26,28,Wolverhampton,Aston Villa,2,0,H,Craig Pawson,2.0,3.0,8.0,5,8.0,5.0,3.0,5,0.28846153846153844,52,0.43137254901960786,51,1,1,3,5
538055,2026-02-28 12:30:00+00:00,2025-26,28,Bournemouth,Sunderland,1,1,D,Jarred Gillett,11.0,8.0,4.0,5,3.0,5.0,10.0,5,0.4117647058823529,51,0.15384615384615385,13,0,0,1,1
538058,2026-02-28 15:00:00+00:00,2025-26,28,Burnley,Brentford,3,4,A,Sam Barrott,5.0,6.0,10.0,5,7.0,5.0,7.0,5,0.125,32,0.3333333333333333,51,1,0,2,3
538060,2026-02-28 15:00:00+00:00,2025-26,28,Liverpool,West Ham,5,2,H,Tim Robinson,9.0,9.0,6.0,5,8.0,8.0,5.0,5,0.7058823529411765,51,0.3137254901960784,51,4,1,0,5
538063,2026-02-28 15:00:00+00:00,2025-26,28,Newcastle,Everton,2,3,A,Stuart Attwell,3.0,6.0,12.0,5,5.0,5.0,6.0,5,0.6078431372549019,51,0.3333333333333333,51,1,2,2,5
538061,2026-02-28 17:30:00+00:00,2025-26,28,Leeds United,Man City,0,1,A,Peter Bankes,6.0,7.0,9.0,5,13.0,11.0,4.0,5,0.46153846153846156,13,0.5490196078431373,51,0,0,1,1
538056,2026-03-01 14:00:00+00:00,2025-26,28,Brighton Hove,Nottingham,2,1,H,Andy Madley,4.0,4.0,5.0,5,5.0,4.0,5.0,5,0.4117647058823529,51,0.35294117647058826,51,3,1,1,5
538059,2026-03-01 14:00:00+00:00,2025-26,28,Fulham,Tottenham,2,1,H,Paul Tierney,6.0,8.0,10.0,5,2.0,6.0,12.0,5,0.45098039215686275,51,0.3333333333333333,51,3,1,1,5
538062,2026-03-01 14:00:00+00:00,2025-26,28,Man United,Crystal Palace,2,1,H,Chris Kavanagh,13.0,10.0,5.0,5,7.0,6.0,7.0,5,0.49019607843137253,51,0.35294117647058826,51,1,1,3,5
538057,2026-03-01 16:30:00+00:00,2025-26,28,Arsenal,Chelsea,2,1,H,Darren England,11.0,14.0,4.0,5,11.0,12.0,7.0,5,0.7058823529411765,51,0.4117647058823529,51,2,3,0,5
538065,2026-03-03 19:30:00+00:00,2025-26,29,Bournemouth,Brentford,0,0,D,Craig Pawson,9.0,6.0,3.0,5,10.0,9.0,8.0,5,0.40384615384615385,52,0.34615384615384615,52,0,1,4,5
538068,2026-03-03 19:30:00+00:00,2025-26,29,Everton,Burnley,2,0,H,Tim Robinson,7.0,7.0,7.0,5,4.0,7.0,12.0,5,0.3269230769230769,52,0.15151515151515152,33,2,1,0,3
538070,2026-03-03 19:30:00+00:00,2025-26,29,Leeds United,Sunderland,0,1,A,Stuart Attwell,5.0,6.0,9.0,5,4.0,5.0,8.0,5,0.42857142857142855,14,0.14285714285714285,14,0,1,0,1
538074,2026-03-03 20:15:00+00:00,2025-26,29,Wolverhampton,Liverpool,2,1,H,Thomas Bramall,5.0,5.0,6.0,5,12.0,12.0,5.0,5,0.3018867924528302,53,0.5,52,0,0,5,5
538066,2026-03-04 19:30:00+00:00,2025-26,29,Aston Villa,Chelsea,1,4,A,Jarred Gillett,5.0,3.0,5.0,5,8.0,10.0,8.0,5,0.6153846153846154,52,0.40384615384615385,52,3,1,1,5
538067,2026-03-04 19:30:00+00:00,2025-26,29,Brighton Hove,Arsenal,0,1,A,Chris Kavanagh,7.0,5.0,4.0,5,11.0,12.0,5.0,5,0.4230769230769231,52,0.5660377358490566,53,0,2,3,5
538069,2026-03-04 19:30:00+00:00,2025-26,29,Fulham,West Ham,0,1,A,Matt Donohue,6.0,8.0,10.0,5,5.0,7.0,9.0,5,0.46153846153846156,52,0.3076923076923077,52,3,1,1,5
538071,2026-03-04 19:30:00+00:00,2025-26,29,Man City,Nottingham,2,2,D,Darren England,13.0,10.0,4.0,5,2.0,3.0,7.0,5,0.7307692307692307,52,0.34615384615384615,52,4,0,1,5
538072,2026-03-04 20:15:00+00:00,2025-26,29,Newcastle,Man United,2,1,H,Peter Bankes,3.0,8.0,13.0,5,13.0,9.0,4.0,5,0.5961538461538461,52,0.3269230769230769,52,3,0,2,5
538073,2026-03-05 20:00:00+00:00,2025-26,29,Tottenham,Crystal Palace,1,3,A,Andy Madley,1.0,5.0,12.0,5,7.0,6.0,6.0,5,0.40384615384615385,52,0.34615384615384615,52,3,0,2,5
538075,2026-03-14 15:00:00+00:00,2025-26,30,Sunderland,Brighton Hove,0,1,A,Thomas Kirk,4.0,3.0,8.0,5,6.0,4.0,4.0,5,0.5,14,0.28846153846153844,52,0,1,0,1
538079,2026-03-14 15:00:00+00:00,2025-26,30,Burnley,Bournemouth,0,0,D,Peter Bankes,4.0,7.0,11.0,5,7.0,4.0,3.0,5,0.12121212121212122,33,0.3076923076923077,52,0,1,2,3
538077,2026-03-14 17:30:00+00:00,2025-26,30,Arsenal,Everton,2,0,H,Andy Madley,11.0,10.0,5.0,5,9.0,8.0,6.0,5,0.7115384615384616,52,0.34615384615384615,52,3,2,0,5
538080,2026-03-14 17:30:00+00:00,2025-26,30,Chelsea,Newcastle,0,1,A,Paul Tierney,8.0,11.0,7.0,5,6.0,9.0,10.0,5,0.5576923076923077,52,0.3269230769230769,52,2,1,2,5
538084,2026-03-14 20:00:00+00:00,2025-26,30,West Ham,Man City,1,1,D,Michael Oliver,8.0,6.0,6.0,5,13.0,10.0,4.0,5,0.28846153846153844,52,0.5576923076923077,52,0,0,5,5
538076,2026-03-15 14:00:00+00:00,2025-26,30,Crystal Palace,Leeds United,0,0,D,Thomas Bramall,9.0,8.0,6.0,5,5.0,6.0,6.0,5,0.3269230769230769,52,0.07142857142857142,14,0,0,1,1
538082,2026-03-15 14:00:00+00:00,2025-26,30,Man United,Aston Villa,3,1,H,Anthony Taylor,10.0,7.0,4.0,5,5.0,4.0,8.0,5,0.5,52,0.4230769230769231,52,3,1,1,5
538083,2026-03-15 14:00:00+00:00,2025-26,30,Nottingham,Fulham,0,0,D,Sam Barrott,2.0,4.0,8.0,5,6.0,6.0,8.0,5,0.3269230769230769,52,0.3076923076923077,52,1,0,4,5
538081,2026-03-15 16:30:00+00:00,2025-26,30,Liverpool,Tottenham,1,1,D,Chris Kavanagh,9.0,9.0,6.0,5,0.0,4.0,13.0,5,0.7115384615384616,52,0.3269230769230769,52,4,0,1,5
538078,2026-03-16 20:00:00+00:00,2025-26,30,Brentford,Wolverhampton,2,2,D,Stuart Attwell,8.0,8.0,8.0,5,8.0,6.0,4.0,5,0.40384615384615385,52,0.21153846153846154,52,3,1,1,5
538085,2026-03-20 20:00:00+00:00,2025-26,31,Bournemouth,Man United,2,2,D,Stuart Attwell,7.0,3.0,2.0,5,10.0,8.0,5.0,5,0.39622641509433965,53,0.32075471698113206,53,2,3,0,5
538087,2026-03-21 12:45:00+00:00,2025-26,31,Brighton Hove,Liverpool,2,1,H,Darren England,9.0,5.0,3.0,5,10.0,9.0,5.0,5,0.41509433962264153,53,0.49056603773584906,53,1,1,3,5
538089,2026-03-21 15:00:00+00:00,2025-26,31,Fulham,Burnley,3,1,H,Chris Kavanagh,7.0,5.0,6.0,5,5.0,7.0,9.0,5,0.4528301886792453,53,0.14705882352941177,34,1,1,1,3
538088,2026-03-21 17:30:00+00:00,2025-26,31,Everton,Chelsea,3,0,H,Sam Barrott,6.0,6.0,7.0,5,5.0,8.0,7.0,5,0.33962264150943394,53,0.41509433962264153,53,1,1,3,5
538090,2026-03-21 20:00:00+00:00,2025-26,31,Leeds United,Brentford,0,0,D,Jarred Gillett,3.0,3.0,5.0,5,6.0,7.0,8.0,5,0.4,15,0.33962264150943394,53,0,1,0,1
538092,2026-03-22 12:00:00+00:00,2025-26,31,Newcastle,Sunderland,1,2,A,Anthony Taylor,9.0,8.0,7.0,5,4.0,3.0,6.0,5,0.6037735849056604,53,0.2,15,0,0,1,1
538086,2026-03-22 14:15:00+00:00,2025-26,31,Aston Villa,West Ham,2,0,H,Paul Tierney,4.0,4.0,10.0,5,6.0,5.0,7.0,5,0.6037735849056604,53,0.32075471698113206,53,3,2,0,5
538093,2026-03-22 14:15:00+00:00,2025-26,31,Tottenham,Nottingham,0,3,A,Michael Oliver,1.0,5.0,12.0,5,3.0,3.0,5.0,5,0.39622641509433965,53,0.33962264150943394,53,2,0,3,5
538104,2026-04-10 19:00:00+00:00,2025-26,32,West Ham,Wolverhampton,4,0,H,Jarred Gillett,5.0,4.0,8.0,5,8.0,8.0,6.0,5,0.2830188679245283,53,0.20754716981132076,53,3,0,2,5
538097,2026-04-11 11:30:00+00:00,2025-26,32,Arsenal,Bournemouth,1,2,A,Michael Oliver,13.0,11.0,4.0,5,5.0,3.0,3.0,5,0.7169811320754716,53,0.3018867924528302,53,3,0,2,5
538098,2026-04-11 14:00:00+00:00,2025-26,32,Brentford,Everton,2,2,D,Farai Hallam,6.0,6.0,7.0,5,9.0,8.0,5.0,5,0.39622641509433965,53,0.33962264150943394,53,1,2,2,5
538099,2026-04-11 14:00:00+00:00,2025-26,32,Burnley,Brighton Hove,0,2,A,Thomas Bramall,2.0,5.0,10.0,5,12.0,7.0,3.0,5,0.11764705882352941,34,0.3018867924528302,53,0,2,1,3
538101,2026-04-11 16:30:00+00:00,2025-26,32,Liverpool,Fulham,2,0,H,Anthony Taylor,7.0,9.0,7.0,5,10.0,8.0,4.0,5,0.6981132075471698,53,0.3018867924528302,53,2,2,1,5
538103,2026-04-12 13:00:00+00:00,2025-26,32,Nottingham,Aston Villa,1,1,D,Michael Salisbury,5.0,6.0,5.0,5,4.0,5.0,10.0,5,0.32075471698113206,53,0.41509433962264153,53,2,0,3,5
538095,2026-04-12 13:00:00+00:00,2025-26,32,Sunderland,Tottenham,1,0,H,Robert Jones,7.0,5.0,6.0,5,1.0,4.0,13.0,5,0.4666666666666667,15,0.32075471698113206,53,0,1,0,1
538096,2026-04-12 13:00:00+00:00,2025-26,32,Crystal Palace,Newcastle,2,1,H,Andy Madley,7.0,7.0,6.0,5,6.0,7.0,8.0,5,0.32075471698113206,53,0.33962264150943394,53,1,1,3,5
538100,2026-04-12 15:30:00+00:00,2025-26,32,Chelsea,Man City,0,3,A,Chris Kavanagh,4.0,6.0,8.0,5,11.0,9.0,4.0,5,0.5471698113207547,53,0.5471698113207547,53,0,3,2,5
538102,2026-04-13 19:00:00+00:00,2025-26,32,Man United,Leeds United,1,2,A,Paul Tierney,10.0,9.0,6.0,5,3.0,1.0,3.0,5,0.5094339622641509,53,0.06666666666666667,15,0,1,0,1
538107,2026-04-18 11:30:00+00:00,2025-26,33,Brentford,Fulham,0,0,D,Peter Bankes,7.0,8.0,7.0,5,7.0,5.0,5.0,5,0.3888888888888889,54,0.2962962962962963,54,1,1,3,5
538112,2026-04-18 14:00:00+00:00,2025-26,33,Newcastle,Bournemouth,1,2,A,Thomas Bramall,6.0,7.0,8.0,5,7.0,5.0,4.0,5,0.5925925925925926,54,0.3148148148148148,54,0,3,2,5
538110,2026-04-18 14:00:00+00:00,2025-26,33,Leeds United,Wolverhampton,3,0,H,Tim Robinson,5.0,2.0,3.0,5,7.0,6.0,8.0,5,0.375,16,0.2037037037037037,54,1,0,0,1
538114,2026-04-18 16:30:00+00:00,2025-26,33,Tottenham,Brighton Hove,2,2,D,Stuart Attwell,1.0,3.0,10.0,5,12.0,7.0,3.0,5,0.3888888888888889,54,0.3148148148148148,54,1,1,3,5
538108,2026-04-18 19:00:00+00:00,2025-26,33,Chelsea,Man United,0,1,A,Michael Oliver,3.0,5.0,10.0,5,7.0,9.0,8.0,5,0.5370370370370371,54,0.3148148148148148,54,2,1,2,5
538105,2026-04-19 13:00:00+00:00,2025-26,33,Aston Villa,Sunderland,4,3,H,Sam Barrott,4.0,5.0,10.0,5,10.0,5.0,3.0,5,0.6111111111111112,54,0.25,16,0,1,0,1
538109,2026-04-19 13:00:00+00:00,2025-26,33,Everton,Liverpool,1,2,A,Chris Kavanagh,10.0,10.0,6.0,5,7.0,10.0,7.0,5,0.35185185185185186,54,0.48148148148148145,54,1,1,3,5
538113,2026-04-19 13:00:00+00:00,2025-26,33,Nottingham,Burnley,4,1,H,Thomas Kirk,6.0,7.0,5.0,5,1.0,4.0,11.0,5,0.3148148148148148,54,0.14285714285714285,35,1,2,0,3
538111,2026-04-19 15:30:00+00:00,2025-26,33,Man City,Arsenal,2,1,H,Anthony Taylor,11.0,9.0,4.0,5,12.0,10.0,4.0,5,0.7169811320754716,53,0.5740740740740741,54,0,3,2,5
538106,2026-04-20 19:00:00+00:00,2025-26,33,Crystal Palace,West Ham,0,0,D,Darren England,10.0,7.0,4.0,5,7.0,8.0,8.0,5,0.3333333333333333,54,0.3148148148148148,54,3,1,1,5
538117,2026-04-21 19:00:00+00:00,2025-26,34,Brighton Hove,Chelsea,3,0,H,Craig Pawson,10.0,7.0,4.0,5,3.0,4.0,9.0,5,0.42592592592592593,54,0.4074074074074074,54,2,0,3,5
538115,2026-04-22 19:00:00+00:00,2025-26,34,Bournemouth,Leeds United,2,2,D,Michael Salisbury,9.0,6.0,4.0,5,8.0,5.0,2.0,5,0.3888888888888889,54,0.125,16,0,1,0,1
538119,2026-04-22 19:00:00+00:00,2025-26,34,Burnley,Man City,0,1,A,Andy Madley,1.0,2.0,11.0,5,11.0,9.0,4.0,5,0.11428571428571428,35,0.5555555555555556,54,0,0,3,3
538116,2026-04-24 19:00:00+00:00,2025-26,34,Sunderland,Nottingham,0,5,A,Darren England,9.0,7.0,6.0,5,9.0,10.0,4.0,5,0.5,16,0.35185185185185186,54,1,0,0,1
538120,2026-04-25 11:30:00+00:00,2025-26,34,Fulham,Aston Villa,1,0,H,Michael Oliver,5.0,3.0,4.0,5,7.0,9.0,11.0,5,0.46296296296296297,54,0.4074074074074074,54,0,0,5,5
538121,2026-04-25 14:00:00+00:00,2025-26,34,Liverpool,Crystal Palace,3,1,H,Andy Madley,7.0,7.0,6.0,5,8.0,6.0,4.0,5,0.7037037037037037,54,0.3584905660377358,53,2,1,2,5
538123,2026-04-25 14:00:00+00:00,2025-26,34,West Ham,Everton,2,1,H,Stuart Attwell,8.0,6.0,3.0,5,7.0,8.0,6.0,5,0.2962962962962963,54,0.3333333333333333,54,1,3,1,5
538124,2026-04-25 14:00:00+00:00,2025-26,34,Wolverhampton,Tottenham,0,1,A,Anthony Taylor,7.0,6.0,10.0,5,2.0,4.0,10.0,5,0.3148148148148148,54,0.3148148148148148,54,3,2,0,5
538118,2026-04-25 16:30:00+00:00,2025-26,34,Arsenal,Newcastle,1,0,H,Sam Barrott,9.0,7.0,5.0,5,6.0,6.0,7.0,5,0.7037037037037037,54,0.3333333333333333,54,3,0,2,5
538122,2026-04-27 19:00:00+00:00,2025-26,34,Man United,Brentford,2,1,H,Chris Kavanagh,7.0,8.0,7.0,5,5.0,4.0,4.0,5,0.5,54,0.3333333333333333,54,2,1,2,5
538131,2026-05-01 19:00:00+00:00,2025-26,35,Leeds United,Burnley,3,1,H,Thomas Bramall,9.0,7.0,3.0,5,1.0,2.0,10.0,5,0.4117647058823529,17,0.1388888888888889,36,0,0,1,1
538133,2026-05-02 14:00:00+00:00,2025-26,35,Newcastle,Brighton Hove,3,1,H,Chris Kavanagh,3.0,4.0,7.0,5,13.0,10.0,3.0,5,0.5818181818181818,55,0.3090909090909091,55,0,2,3,5
538134,2026-05-02 14:00:00+00:00,2025-26,35,Wolverhampton,Sunderland,1,1,D,Paul Tierney,4.0,4.0,11.0,5,6.0,6.0,11.0,5,0.3090909090909091,55,0.23529411764705882,17,0,0,1,1
538128,2026-05-02 14:00:00+00:00,2025-26,35,Brentford,West Ham,3,0,H,Craig Pawson,4.0,5.0,6.0,5,8.0,7.0,4.0,5,0.38181818181818183,55,0.3090909090909091,55,3,1,1,5
538127,2026-05-02 16:30:00+00:00,2025-26,35,Arsenal,Fulham,3,0,H,Jarred Gillett,9.0,6.0,4.0,5,8.0,4.0,3.0,5,0.7090909090909091,55,0.2909090909090909,55,2,2,1,5
538125,2026-05-03 13:00:00+00:00,2025-26,35,Bournemouth,Crystal Palace,3,0,H,Robert Jones,9.0,8.0,6.0,5,8.0,6.0,5.0,5,0.38181818181818183,55,0.35185185185185186,54,2,3,0,5
538132,2026-05-03 14:30:00+00:00,2025-26,35,Man United,Liverpool,3,2,H,Darren England,10.0,9.0,6.0,5,10.0,9.0,5.0,5,0.509090909090909,55,0.4909090909090909,55,1,3,1,5
538126,2026-05-03 18:00:00+00:00,2025-26,35,Aston Villa,Tottenham,1,2,A,Sam Barrott,7.0,8.0,8.0,5,5.0,4.0,7.0,5,0.6181818181818182,55,0.32727272727272727,55,3,0,2,5
538129,2026-05-04 14:00:00+00:00,2025-26,35,Chelsea,Nottingham,1,3,A,Anthony Taylor,0.0,0.0,11.0,5,11.0,13.0,2.0,5,0.5272727272727272,55,0.36363636363636365,55,3,1,1,5
538130,2026-05-04 19:00:00+00:00,2025-26,35,Everton,Man City,3,3,D,Michael Oliver,4.0,7.0,8.0,5,11.0,9.0,4.0,5,0.34545454545454546,55,0.5636363636363636,55,0,1,4,5
538140,2026-05-09 11:30:00+00:00,2025-26,36,Liverpool,Chelsea,1,1,D,Craig Pawson,9.0,10.0,7.0,5,0.0,1.0,13.0,5,0.7090909090909091,55,0.4,55,2,1,2,5
538135,2026-05-09 14:00:00+00:00,2025-26,36,Sunderland,Man United,0,0,D,Stuart Attwell,7.0,7.0,11.0,5,10.0,9.0,7.0,5,0.47058823529411764,17,0.32727272727272727,55,0,0,1,1
538136,2026-05-09 14:00:00+00:00,2025-26,36,Brighton Hove,Wolverhampton,3,0,H,John Brooks,10.0,10.0,6.0,5,2.0,3.0,11.0,5,0.43636363636363634,55,0.2,55,2,3,0,5
538139,2026-05-09 14:00:00+00:00,2025-26,36,Fulham,Bournemouth,0,1,A,Andy Madley,7.0,4.0,6.0,5,11.0,11.0,6.0,5,0.4727272727272727,55,0.32727272727272727,55,1,1,3,5
538141,2026-05-09 16:30:00+00:00,2025-26,36,Man City,Brentford,3,0,H,Michael Salisbury,11.0,10.0,5.0,5,6.0,6.0,4.0,5,0.7222222222222222,54,0.32727272727272727,55,4,1,0,5
538137,2026-05-10 13:00:00+00:00,2025-26,36,Crystal Palace,Everton,2,2,D,Thomas Bramall,5.0,3.0,7.0,5,5.0,10.0,9.0,5,0.32727272727272727,55,0.32727272727272727,55,0,1,4,5
538138,2026-05-10 13:00:00+00:00,2025-26,36,Burnley,Aston Villa,2,2,D,Anthony Taylor,0.0,3.0,13.0,5,7.0,8.0,7.0,5,0.1111111111111111,36,0.4,55,0,0,3,3
538142,2026-05-10 13:00:00+00:00,2025-26,36,Nottingham,Newcastle,1,1,D,Paul Tierney,13.0,16.0,3.0,5,3.0,6.0,8.0,5,0.32727272727272727,55,0.32727272727272727,55,1,0,4,5
538144,2026-05-10 15:30:00+00:00,2025-26,36,West Ham,Arsenal,0,1,A,Chris Kavanagh,7.0,6.0,6.0,5,9.0,8.0,4.0,5,0.3090909090909091,55,0.5636363636363636,55,2,0,3,5
538143,2026-05-11 19:00:00+00:00,2025-26,36,Tottenham,Leeds United,1,1,D,Jarred Gillett,7.0,5.0,7.0,5,11.0,10.0,4.0,5,0.38181818181818183,55,0.11764705882352941,17,1,0,0,1
538091,2026-05-13 19:00:00+00:00,2025-26,31,Man City,Crystal Palace,3,0,H,Stuart Attwell,13.0,12.0,4.0,5,5.0,5.0,9.0,5,0.7272727272727273,55,0.34545454545454546,55,3,2,0,5
538146,2026-05-15 19:00:00+00:00,2025-26,37,Aston Villa,Liverpool,4,2,H,Chris Kavanagh,5.0,8.0,9.0,5,10.0,10.0,6.0,5,0.6071428571428571,56,0.48214285714285715,56,0,2,3,5
538152,2026-05-17 11:30:00+00:00,2025-26,37,Man United,Nottingham,3,2,H,Michael Salisbury,10.0,7.0,5.0,5,11.0,14.0,4.0,5,0.5178571428571429,56,0.375,56,1,1,3,5
538148,2026-05-17 14:00:00+00:00,2025-26,37,Brentford,Crystal Palace,2,2,D,Sam Barrott,5.0,6.0,7.0,5,2.0,3.0,11.0,5,0.39285714285714285,56,0.3392857142857143,56,2,1,2,5
538150,2026-05-17 14:00:00+00:00,2025-26,37,Everton,Sunderland,1,3,A,John Brooks,3.0,9.0,11.0,5,5.0,5.0,10.0,5,0.3392857142857143,56,0.2222222222222222,18,0,1,0,1
538151,2026-05-17 14:00:00+00:00,2025-26,37,Leeds United,Brighton Hove,1,0,H,Michael Oliver,11.0,11.0,5.0,5,10.0,11.0,5.0,5,0.4444444444444444,18,0.30357142857142855,56,0,0,1,1
538154,2026-05-17 14:00:00+00:00,2025-26,37,Wolverhampton,Fulham,1,1,D,Thomas Kirk,1.0,1.0,12.0,5,4.0,1.0,6.0,5,0.30357142857142855,56,0.2857142857142857,56,2,0,3,5
538153,2026-05-17 16:30:00+00:00,2025-26,37,Newcastle,West Ham,3,1,H,Jarred Gillett,4.0,6.0,7.0,5,7.0,6.0,5.0,5,0.5892857142857143,56,0.30357142857142855,56,2,1,2,5
538147,2026-05-18 19:00:00+00:00,2025-26,37,Arsenal,Burnley,1,0,H,Paul Tierney,9.0,7.0,4.0,5,1.0,4.0,12.0,5,0.7142857142857143,56,0.13513513513513514,37,3,0,0,3
538145,2026-05-19 18:30:00+00:00,2025-26,37,Bournemouth,Man City,1,1,D,Anthony Taylor,13.0,10.0,4.0,5,13.0,12.0,4.0,5,0.39285714285714285,56,0.5535714285714286,56,1,0,4,5
538149,2026-05-19 19:15:00+00:00,2025-26,37,Chelsea,Tottenham,2,1,H,Stuart Attwell,1.0,2.0,11.0,5,8.0,6.0,5.0,5,0.5178571428571429,56,0.3392857142857143,56,5,0,0,5
538156,2026-05-24 15:00:00+00:00,2025-26,38,Brighton Hove,Man United,0,3,A,Sam Barrott,7.0,9.0,6.0,5,13.0,9.0,5.0,5,0.44642857142857145,56,0.32142857142857145,56,3,0,2,5
538157,2026-05-24 15:00:00+00:00,2025-26,38,Crystal Palace,Arsenal,1,2,A,Farai Hallam,2.0,5.0,13.0,5,12.0,7.0,2.0,5,0.32142857142857145,56,0.5714285714285714,56,0,1,4,5
538155,2026-05-24 15:00:00+00:00,2025-26,38,Sunderland,Chelsea,2,1,H,Chris Kavanagh,5.0,7.0,11.0,5,4.0,4.0,9.0,5,0.4444444444444444,18,0.39285714285714285,56,1,0,0,1
538163,2026-05-24 15:00:00+00:00,2025-26,38,Tottenham,Everton,1,0,H,Michael Oliver,8.0,7.0,6.0,5,2.0,8.0,12.0,5,0.375,56,0.32142857142857145,56,3,1,1,5
538158,2026-05-24 15:00:00+00:00,2025-26,38,Burnley,Wolverhampton,1,1,D,Andrew Kitchen,1.0,4.0,11.0,5,2.0,2.0,9.0,5,0.10810810810810811,37,0.19642857142857142,56,1,1,1,3
538162,2026-05-24 15:00:00+00:00,2025-26,38,Nottingham,Bournemouth,1,1,D,Craig Pawson,10.0,15.0,6.0,5,11.0,9.0,4.0,5,0.32142857142857145,56,0.3392857142857143,56,0,2,3,5
538160,2026-05-24 15:00:00+00:00,2025-26,38,Liverpool,Brentford,1,1,D,Darren England,7.0,10.0,10.0,5,5.0,6.0,7.0,5,0.6964285714285714,56,0.32142857142857145,56,4,0,1,5
538161,2026-05-24 15:00:00+00:00,2025-26,38,Man City,Aston Villa,1,2,A,Andy Madley,11.0,11.0,4.0,5,7.0,11.0,10.0,5,0.7321428571428571,56,0.39285714285714285,56,2,0,3,5
538159,2026-05-24 15:00:00+00:00,2025-26,38,Fulham,Newcastle,2,0,H,Robert Jones,5.0,2.0,5.0,5,7.0,8.0,6.0,5,0.4642857142857143,56,0.32142857142857145,56,2,0,3,5
538164,2026-05-24 15:00:00+00:00,2025-26,38,West Ham,Leeds United,3,0,H,Anthony Taylor,4.0,3.0,8.0,5,11.0,10.0,4.0,5,0.30357142857142855,56,0.1111111111111111,18,0,0,1,1
